dataset_id,sample_id,src_cell_id,dst_cell_id,ligand,receptor,pathway,mechanism,score
simulation_data,sample1,529,1231,LIG04,REC04,Synthetic,Secreted Signaling,1.0
simulation_data,sample1,426,1231,LIG04,REC04,Synthetic,Secreted Signaling,0.9999121427536011
simulation_data,sample1,163,1231,LIG04,REC04,Synthetic,Secreted Signaling,0.9998541474342346
simulation_data,sample1,149,1231,LIG04,REC04,Synthetic,Secreted Signaling,0.9997158050537109
simulation_data,sample1,35,692,LIG03,REC03,Synthetic,Secreted Signaling,0.9826966524124146
simulation_data,sample1,98,803,LIG03,REC03,Synthetic,Secreted Signaling,0.9826529026031494
simulation_data,sample1,95,1015,LIG04,REC04,Synthetic,Secreted Signaling,0.9824787974357605
simulation_data,sample1,447,1015,LIG04,REC04,Synthetic,Secreted Signaling,0.9824341535568237
simulation_data,sample1,32,692,LIG03,REC03,Synthetic,Secreted Signaling,0.9824041724205017
simulation_data,sample1,35,1015,LIG04,REC04,Synthetic,Secreted Signaling,0.9822748899459839
simulation_data,sample1,32,1015,LIG04,REC04,Synthetic,Secreted Signaling,0.9819101691246033
simulation_data,sample1,132,803,LIG03,REC03,Synthetic,Secreted Signaling,0.981723964214325
simulation_data,sample1,315,803,LIG03,REC03,Synthetic,Secreted Signaling,0.980871319770813
simulation_data,sample1,239,803,LIG03,REC03,Synthetic,Secreted Signaling,0.9798846244812012
simulation_data,sample1,35,1153,LIG03,REC03,Synthetic,Secreted Signaling,0.9766026139259338
simulation_data,sample1,181,1344,LIG04,REC04,Synthetic,Secreted Signaling,0.9653214812278748
simulation_data,sample1,315,1344,LIG04,REC04,Synthetic,Secreted Signaling,0.9653043150901794
simulation_data,sample1,239,1344,LIG04,REC04,Synthetic,Secreted Signaling,0.9648157358169556
simulation_data,sample1,52,640,LIG03,REC03,Synthetic,Secreted Signaling,0.9612026810646057
simulation_data,sample1,23,640,LIG03,REC03,Synthetic,Secreted Signaling,0.9605570435523987
simulation_data,sample1,295,640,LIG03,REC03,Synthetic,Secreted Signaling,0.9597240090370178
simulation_data,sample1,289,1203,LIG04,REC04,Synthetic,Secreted Signaling,0.9533838629722595
simulation_data,sample1,474,1354,LIG04,REC04,Synthetic,Secreted Signaling,0.9507175087928772
simulation_data,sample1,289,1354,LIG04,REC04,Synthetic,Secreted Signaling,0.9506316781044006
simulation_data,sample1,164,650,LIG03,REC03,Synthetic,Secreted Signaling,0.9471045136451721
simulation_data,sample1,284,1072,LIG03,REC03,Synthetic,Secreted Signaling,0.9437474012374878
simulation_data,sample1,199,1291,LIG03,REC03,Synthetic,Secreted Signaling,0.9430813193321228
simulation_data,sample1,526,1072,LIG03,REC03,Synthetic,Secreted Signaling,0.9423482418060303
simulation_data,sample1,23,1208,LIG03,REC03,Synthetic,Secreted Signaling,0.9422151446342468
simulation_data,sample1,295,1208,LIG03,REC03,Synthetic,Secreted Signaling,0.9413981437683105
simulation_data,sample1,597,1231,LIG04,REC04,Synthetic,Secreted Signaling,0.9403550624847412
simulation_data,sample1,445,1231,LIG04,REC04,Synthetic,Secreted Signaling,0.940111517906189
simulation_data,sample1,220,1231,LIG04,REC04,Synthetic,Secreted Signaling,0.939203143119812
simulation_data,sample1,274,1406,LIG03,REC03,Synthetic,Secreted Signaling,0.9374502897262573
simulation_data,sample1,220,879,LIG10,REC10,Synthetic,Secreted Signaling,0.9367184042930603
simulation_data,sample1,201,1306,LIG04,REC04,Synthetic,Secreted Signaling,0.9366829991340637
simulation_data,sample1,508,1306,LIG04,REC04,Synthetic,Secreted Signaling,0.9365986585617065
simulation_data,sample1,32,1382,LIG03,REC03,Synthetic,Secreted Signaling,0.9364883303642273
simulation_data,sample1,384,1170,LIG03,REC03,Synthetic,Secreted Signaling,0.9364771842956543
simulation_data,sample1,292,1172,LIG04,REC04,Synthetic,Secreted Signaling,0.9364761114120483
simulation_data,sample1,304,1213,LIG05,REC05,Synthetic,Secreted Signaling,0.936475396156311
simulation_data,sample1,289,961,LIG05,REC05,Synthetic,Secreted Signaling,0.9364607930183411
simulation_data,sample1,224,1306,LIG04,REC04,Synthetic,Secreted Signaling,0.9361479878425598
simulation_data,sample1,289,608,LIG04,REC04,Synthetic,Secreted Signaling,0.9360573887825012
simulation_data,sample1,69,1406,LIG03,REC03,Synthetic,Secreted Signaling,0.9354872703552246
simulation_data,sample1,41,752,LIG03,REC03,Synthetic,Secreted Signaling,0.919675886631012
simulation_data,sample1,309,752,LIG03,REC03,Synthetic,Secreted Signaling,0.9196667075157166
simulation_data,sample1,179,752,LIG03,REC03,Synthetic,Secreted Signaling,0.9196311235427856
simulation_data,sample1,296,752,LIG03,REC03,Synthetic,Secreted Signaling,0.9189497232437134
simulation_data,sample1,222,714,LIG03,REC03,Synthetic,Secreted Signaling,0.9105181694030762
simulation_data,sample1,305,762,LIG03,REC03,Synthetic,Secreted Signaling,0.9101164937019348
simulation_data,sample1,289,714,LIG03,REC03,Synthetic,Secreted Signaling,0.9099387526512146
simulation_data,sample1,204,762,LIG03,REC03,Synthetic,Secreted Signaling,0.9097229242324829
simulation_data,sample1,114,762,LIG03,REC03,Synthetic,Secreted Signaling,0.9091442823410034
simulation_data,sample1,164,714,LIG03,REC03,Synthetic,Secreted Signaling,0.9083958268165588
simulation_data,sample1,407,762,LIG03,REC03,Synthetic,Secreted Signaling,0.9078925848007202
simulation_data,sample1,284,1153,LIG03,REC03,Synthetic,Secreted Signaling,0.9042379260063171
simulation_data,sample1,563,1153,LIG03,REC03,Synthetic,Secreted Signaling,0.9024174809455872
simulation_data,sample1,181,1221,LIG05,REC05,Synthetic,Secreted Signaling,0.9022391438484192
simulation_data,sample1,467,1153,LIG03,REC03,Synthetic,Secreted Signaling,0.9020556807518005
simulation_data,sample1,210,642,LIG03,REC03,Synthetic,Secreted Signaling,0.901884913444519
simulation_data,sample1,551,1221,LIG06,REC06,Synthetic,Secreted Signaling,0.9007720351219177
simulation_data,sample1,114,642,LIG03,REC03,Synthetic,Secreted Signaling,0.9005964398384094
simulation_data,sample1,407,642,LIG03,REC03,Synthetic,Secreted Signaling,0.8991698026657104
simulation_data,sample1,269,642,LIG03,REC03,Synthetic,Secreted Signaling,0.8983108997344971
simulation_data,sample1,526,1153,LIG03,REC03,Synthetic,Secreted Signaling,0.8982262015342712
simulation_data,sample1,563,747,LIG04,REC04,Synthetic,Secreted Signaling,0.897489607334137
simulation_data,sample1,238,747,LIG04,REC04,Synthetic,Secreted Signaling,0.8968697786331177
simulation_data,sample1,526,747,LIG04,REC04,Synthetic,Secreted Signaling,0.895757794380188
simulation_data,sample1,220,921,LIG03,REC03,Synthetic,Secreted Signaling,0.894257664680481
simulation_data,sample1,480,921,LIG03,REC03,Synthetic,Secreted Signaling,0.89382004737854
simulation_data,sample1,99,921,LIG03,REC03,Synthetic,Secreted Signaling,0.8925604224205017
simulation_data,sample1,11,921,LIG03,REC03,Synthetic,Secreted Signaling,0.8902751207351685
simulation_data,sample1,445,921,LIG03,REC03,Synthetic,Secreted Signaling,0.8897585272789001
simulation_data,sample1,467,1006,LIG03,REC03,Synthetic,Secreted Signaling,0.8817891478538513
simulation_data,sample1,526,1006,LIG03,REC03,Synthetic,Secreted Signaling,0.8807271718978882
simulation_data,sample1,563,1006,LIG03,REC03,Synthetic,Secreted Signaling,0.8799905776977539
simulation_data,sample1,304,1006,LIG03,REC03,Synthetic,Secreted Signaling,0.8790944218635559
simulation_data,sample1,284,705,LIG03,REC03,Synthetic,Secreted Signaling,0.8688738942146301
simulation_data,sample1,283,705,LIG03,REC03,Synthetic,Secreted Signaling,0.8688672780990601
simulation_data,sample1,186,1269,LIG03,REC03,Synthetic,Secreted Signaling,0.8661044836044312
simulation_data,sample1,467,705,LIG03,REC03,Synthetic,Secreted Signaling,0.8651711940765381
simulation_data,sample1,526,705,LIG03,REC03,Synthetic,Secreted Signaling,0.8640933632850647
simulation_data,sample1,304,705,LIG03,REC03,Synthetic,Secreted Signaling,0.863713264465332
simulation_data,sample1,52,1269,LIG03,REC03,Synthetic,Secreted Signaling,0.8635923862457275
simulation_data,sample1,563,705,LIG03,REC03,Synthetic,Secreted Signaling,0.8631516695022583
simulation_data,sample1,325,1269,LIG03,REC03,Synthetic,Secreted Signaling,0.8620718121528625
simulation_data,sample1,533,1269,LIG03,REC03,Synthetic,Secreted Signaling,0.8620383143424988
simulation_data,sample1,23,1269,LIG03,REC03,Synthetic,Secreted Signaling,0.8611247539520264
simulation_data,sample1,295,1269,LIG03,REC03,Synthetic,Secreted Signaling,0.8598512411117554
simulation_data,sample1,384,1183,LIG03,REC03,Synthetic,Secreted Signaling,0.856664776802063
simulation_data,sample1,48,1112,LIG05,REC05,Synthetic,Secreted Signaling,0.8542469143867493
simulation_data,sample1,434,1112,LIG05,REC05,Synthetic,Secreted Signaling,0.8524167537689209
simulation_data,sample1,222,661,LIG04,REC04,Synthetic,Secreted Signaling,0.8379120826721191
simulation_data,sample1,164,661,LIG04,REC04,Synthetic,Secreted Signaling,0.8370624780654907
simulation_data,sample1,433,661,LIG04,REC04,Synthetic,Secreted Signaling,0.8369982838630676
simulation_data,sample1,597,1420,LIG04,REC04,Synthetic,Secreted Signaling,0.8119956851005554
simulation_data,sample1,445,1420,LIG04,REC04,Synthetic,Secreted Signaling,0.8119434714317322
simulation_data,sample1,220,1420,LIG04,REC04,Synthetic,Secreted Signaling,0.8116654753684998
simulation_data,sample1,220,670,LIG04,REC04,Synthetic,Secreted Signaling,0.8099373579025269
simulation_data,sample1,597,670,LIG04,REC04,Synthetic,Secreted Signaling,0.8099232316017151
simulation_data,sample1,474,670,LIG04,REC04,Synthetic,Secreted Signaling,0.8098874092102051
simulation_data,sample1,445,670,LIG04,REC04,Synthetic,Secreted Signaling,0.809645414352417
simulation_data,sample1,269,1107,LIG04,REC04,Synthetic,Secreted Signaling,0.8005462884902954
simulation_data,sample1,407,1107,LIG04,REC04,Synthetic,Secreted Signaling,0.7991545796394348
simulation_data,sample1,426,1420,LIG04,REC04,Synthetic,Secreted Signaling,0.7918431758880615
simulation_data,sample1,163,1420,LIG04,REC04,Synthetic,Secreted Signaling,0.7917900681495667
simulation_data,sample1,149,1420,LIG04,REC04,Synthetic,Secreted Signaling,0.7915467619895935
simulation_data,sample1,35,956,LIG04,REC04,Synthetic,Secreted Signaling,0.791312575340271
simulation_data,sample1,514,1252,LIG01,REC01,Synthetic,Secreted Signaling,0.7867546081542969
simulation_data,sample1,386,1252,LIG01,REC01,Synthetic,Secreted Signaling,0.7867529392242432
simulation_data,sample1,131,1252,LIG01,REC01,Synthetic,Secreted Signaling,0.7867496013641357
simulation_data,sample1,181,1252,LIG01,REC01,Synthetic,Secreted Signaling,0.7867425680160522
simulation_data,sample1,384,1348,LIG01,REC01,Synthetic,Secreted Signaling,0.7844727039337158
simulation_data,sample1,222,1377,LIG01,REC01,Synthetic,Secreted Signaling,0.7842890620231628
simulation_data,sample1,471,1377,LIG01,REC01,Synthetic,Secreted Signaling,0.7842701077461243
simulation_data,sample1,563,864,LIG01,REC01,Synthetic,Secreted Signaling,0.7839385271072388
simulation_data,sample1,526,864,LIG01,REC01,Synthetic,Secreted Signaling,0.7838640213012695
simulation_data,sample1,220,653,LIG01,REC01,Synthetic,Secreted Signaling,0.7834814786911011
simulation_data,sample1,445,653,LIG01,REC01,Synthetic,Secreted Signaling,0.7834365367889404
simulation_data,sample1,11,653,LIG01,REC01,Synthetic,Secreted Signaling,0.7834110856056213
simulation_data,sample1,295,1183,LIG03,REC03,Synthetic,Secreted Signaling,0.783333420753479
simulation_data,sample1,426,653,LIG01,REC01,Synthetic,Secreted Signaling,0.7813931703567505
simulation_data,sample1,149,653,LIG01,REC01,Synthetic,Secreted Signaling,0.7813350558280945
simulation_data,sample1,52,1183,LIG03,REC03,Synthetic,Secreted Signaling,0.7813283205032349
simulation_data,sample1,292,705,LIG03,REC03,Synthetic,Secreted Signaling,0.7804122567176819
simulation_data,sample1,407,873,LIG01,REC01,Synthetic,Secreted Signaling,0.7751971483230591
simulation_data,sample1,269,873,LIG01,REC01,Synthetic,Secreted Signaling,0.7751458883285522
simulation_data,sample1,69,1343,LIG01,REC01,Synthetic,Secreted Signaling,0.7721706628799438
simulation_data,sample1,565,808,LIG05,REC05,Synthetic,Secreted Signaling,0.7710781693458557
simulation_data,sample1,32,1072,LIG03,REC03,Synthetic,Secreted Signaling,0.7701787352561951
simulation_data,sample1,199,808,LIG05,REC05,Synthetic,Secreted Signaling,0.7686048746109009
simulation_data,sample1,508,713,LIG01,REC01,Synthetic,Secreted Signaling,0.768019437789917
simulation_data,sample1,224,713,LIG01,REC01,Synthetic,Secreted Signaling,0.7680066227912903
simulation_data,sample1,35,1072,LIG03,REC03,Synthetic,Secreted Signaling,0.7679727673530579
simulation_data,sample1,447,685,LIG01,REC01,Synthetic,Secreted Signaling,0.7679583430290222
simulation_data,sample1,498,685,LIG01,REC01,Synthetic,Secreted Signaling,0.7679364085197449
simulation_data,sample1,35,685,LIG01,REC01,Synthetic,Secreted Signaling,0.7678995728492737
simulation_data,sample1,32,685,LIG01,REC01,Synthetic,Secreted Signaling,0.7677390575408936
simulation_data,sample1,384,768,LIG03,REC03,Synthetic,Secreted Signaling,0.7672958970069885
simulation_data,sample1,518,893,LIG01,REC01,Synthetic,Secreted Signaling,0.7662572264671326
simulation_data,sample1,97,893,LIG01,REC01,Synthetic,Secreted Signaling,0.7662463784217834
simulation_data,sample1,225,893,LIG01,REC01,Synthetic,Secreted Signaling,0.7661904692649841
simulation_data,sample1,110,893,LIG01,REC01,Synthetic,Secreted Signaling,0.7661383152008057
simulation_data,sample1,346,893,LIG01,REC01,Synthetic,Secreted Signaling,0.7660983204841614
simulation_data,sample1,80,893,LIG01,REC01,Synthetic,Secreted Signaling,0.7660604119300842
simulation_data,sample1,587,893,LIG01,REC01,Synthetic,Secreted Signaling,0.7660356163978577
simulation_data,sample1,363,893,LIG01,REC01,Synthetic,Secreted Signaling,0.7660321593284607
simulation_data,sample1,110,708,LIG01,REC01,Synthetic,Secreted Signaling,0.765335202217102
simulation_data,sample1,587,708,LIG01,REC01,Synthetic,Secreted Signaling,0.76530921459198
simulation_data,sample1,80,708,LIG01,REC01,Synthetic,Secreted Signaling,0.7653071880340576
simulation_data,sample1,363,708,LIG01,REC01,Synthetic,Secreted Signaling,0.765297532081604
simulation_data,sample1,346,708,LIG01,REC01,Synthetic,Secreted Signaling,0.765278697013855
simulation_data,sample1,253,668,LIG01,REC01,Synthetic,Secreted Signaling,0.7651470303535461
simulation_data,sample1,372,668,LIG01,REC01,Synthetic,Secreted Signaling,0.7651189565658569
simulation_data,sample1,222,668,LIG01,REC01,Synthetic,Secreted Signaling,0.7650692462921143
simulation_data,sample1,471,668,LIG01,REC01,Synthetic,Secreted Signaling,0.7649236917495728
simulation_data,sample1,434,1034,LIG01,REC01,Synthetic,Secreted Signaling,0.764637291431427
simulation_data,sample1,179,690,LIG01,REC01,Synthetic,Secreted Signaling,0.7645881175994873
simulation_data,sample1,136,690,LIG01,REC01,Synthetic,Secreted Signaling,0.7645700573921204
simulation_data,sample1,219,690,LIG01,REC01,Synthetic,Secreted Signaling,0.7645668387413025
simulation_data,sample1,255,690,LIG01,REC01,Synthetic,Secreted Signaling,0.7644421458244324
simulation_data,sample1,274,690,LIG01,REC01,Synthetic,Secreted Signaling,0.7644381523132324
simulation_data,sample1,69,690,LIG01,REC01,Synthetic,Secreted Signaling,0.764320969581604
simulation_data,sample1,384,934,LIG01,REC01,Synthetic,Secreted Signaling,0.7637375593185425
simulation_data,sample1,215,1219,LIG01,REC01,Synthetic,Secreted Signaling,0.7637233734130859
simulation_data,sample1,114,1013,LIG06,REC06,Synthetic,Secreted Signaling,0.7637107968330383
simulation_data,sample1,136,649,LIG01,REC01,Synthetic,Secreted Signaling,0.7628095149993896
simulation_data,sample1,219,649,LIG01,REC01,Synthetic,Secreted Signaling,0.7627526521682739
simulation_data,sample1,255,649,LIG01,REC01,Synthetic,Secreted Signaling,0.762691080570221
simulation_data,sample1,274,649,LIG01,REC01,Synthetic,Secreted Signaling,0.762571394443512
simulation_data,sample1,69,649,LIG01,REC01,Synthetic,Secreted Signaling,0.7624750733375549
simulation_data,sample1,526,941,LIG01,REC01,Synthetic,Secreted Signaling,0.7614583969116211
simulation_data,sample1,181,666,LIG01,REC01,Synthetic,Secreted Signaling,0.7614549994468689
simulation_data,sample1,39,848,LIG04,REC04,Synthetic,Secreted Signaling,0.7611174583435059
simulation_data,sample1,80,848,LIG04,REC04,Synthetic,Secreted Signaling,0.760579526424408
simulation_data,sample1,471,1206,LIG06,REC06,Synthetic,Secreted Signaling,0.7602236866950989
simulation_data,sample1,363,848,LIG04,REC04,Synthetic,Secreted Signaling,0.7601608037948608
simulation_data,sample1,35,1311,LIG01,REC01,Synthetic,Secreted Signaling,0.7599953413009644
simulation_data,sample1,32,1311,LIG01,REC01,Synthetic,Secreted Signaling,0.7599663138389587
simulation_data,sample1,434,848,LIG04,REC04,Synthetic,Secreted Signaling,0.7598145008087158
simulation_data,sample1,587,848,LIG04,REC04,Synthetic,Secreted Signaling,0.7597146034240723
simulation_data,sample1,149,1209,LIG07,REC07,Synthetic,Secreted Signaling,0.7594029903411865
simulation_data,sample1,426,1209,LIG07,REC07,Synthetic,Secreted Signaling,0.7592008113861084
simulation_data,sample1,132,1209,LIG07,REC07,Synthetic,Secreted Signaling,0.7591627836227417
simulation_data,sample1,239,1209,LIG07,REC07,Synthetic,Secreted Signaling,0.7585419416427612
simulation_data,sample1,255,646,LIG01,REC01,Synthetic,Secreted Signaling,0.7582491040229797
simulation_data,sample1,41,646,LIG01,REC01,Synthetic,Secreted Signaling,0.7581971287727356
simulation_data,sample1,179,646,LIG01,REC01,Synthetic,Secreted Signaling,0.7581613063812256
simulation_data,sample1,296,646,LIG01,REC01,Synthetic,Secreted Signaling,0.7581536769866943
simulation_data,sample1,479,646,LIG01,REC01,Synthetic,Secreted Signaling,0.7581489086151123
simulation_data,sample1,274,777,LIG01,REC01,Synthetic,Secreted Signaling,0.7562664747238159
simulation_data,sample1,304,1049,LIG06,REC06,Synthetic,Secreted Signaling,0.7555569410324097
simulation_data,sample1,396,676,LIG01,REC01,Synthetic,Secreted Signaling,0.7525007724761963
simulation_data,sample1,526,1413,LIG04,REC04,Synthetic,Secreted Signaling,0.7524092793464661
simulation_data,sample1,23,676,LIG01,REC01,Synthetic,Secreted Signaling,0.7523851990699768
simulation_data,sample1,295,676,LIG01,REC01,Synthetic,Secreted Signaling,0.7522786259651184
simulation_data,sample1,39,1302,LIG04,REC04,Synthetic,Secreted Signaling,0.751698911190033
simulation_data,sample1,224,1302,LIG04,REC04,Synthetic,Secreted Signaling,0.7516706585884094
simulation_data,sample1,110,1302,LIG04,REC04,Synthetic,Secreted Signaling,0.7514892220497131
simulation_data,sample1,80,1370,LIG01,REC01,Synthetic,Secreted Signaling,0.751148521900177
simulation_data,sample1,346,1370,LIG01,REC01,Synthetic,Secreted Signaling,0.7510713934898376
simulation_data,sample1,315,953,LIG01,REC01,Synthetic,Secreted Signaling,0.7509620785713196
simulation_data,sample1,98,953,LIG01,REC01,Synthetic,Secreted Signaling,0.7509122490882874
simulation_data,sample1,426,953,LIG01,REC01,Synthetic,Secreted Signaling,0.7507707476615906
simulation_data,sample1,239,953,LIG01,REC01,Synthetic,Secreted Signaling,0.7507668137550354
simulation_data,sample1,555,953,LIG01,REC01,Synthetic,Secreted Signaling,0.7507359981536865
simulation_data,sample1,149,953,LIG01,REC01,Synthetic,Secreted Signaling,0.7506668567657471
simulation_data,sample1,132,953,LIG01,REC01,Synthetic,Secreted Signaling,0.7506083250045776
simulation_data,sample1,163,953,LIG01,REC01,Synthetic,Secreted Signaling,0.7505685687065125
simulation_data,sample1,346,1319,LIG01,REC01,Synthetic,Secreted Signaling,0.7500181198120117
simulation_data,sample1,434,1319,LIG01,REC01,Synthetic,Secreted Signaling,0.7499922513961792
simulation_data,sample1,444,1257,LIG01,REC01,Synthetic,Secreted Signaling,0.7499324083328247
simulation_data,sample1,518,1319,LIG01,REC01,Synthetic,Secreted Signaling,0.7498629093170166
simulation_data,sample1,80,1319,LIG01,REC01,Synthetic,Secreted Signaling,0.7498024702072144
simulation_data,sample1,225,1319,LIG01,REC01,Synthetic,Secreted Signaling,0.7497819662094116
simulation_data,sample1,269,1257,LIG01,REC01,Synthetic,Secreted Signaling,0.7497738599777222
simulation_data,sample1,363,1319,LIG01,REC01,Synthetic,Secreted Signaling,0.7497256398200989
simulation_data,sample1,587,1319,LIG01,REC01,Synthetic,Secreted Signaling,0.7496563792228699
simulation_data,sample1,296,1315,LIG01,REC01,Synthetic,Secreted Signaling,0.7491352558135986
simulation_data,sample1,479,1315,LIG01,REC01,Synthetic,Secreted Signaling,0.7490133047103882
simulation_data,sample1,289,1397,LIG04,REC04,Synthetic,Secreted Signaling,0.7451077103614807
simulation_data,sample1,35,1312,LIG01,REC01,Synthetic,Secreted Signaling,0.7433856129646301
simulation_data,sample1,518,1216,LIG01,REC01,Synthetic,Secreted Signaling,0.74326092004776
simulation_data,sample1,587,1216,LIG01,REC01,Synthetic,Secreted Signaling,0.7432418465614319
simulation_data,sample1,434,1216,LIG01,REC01,Synthetic,Secreted Signaling,0.7432368397712708
simulation_data,sample1,225,1216,LIG01,REC01,Synthetic,Secreted Signaling,0.7432169914245605
simulation_data,sample1,277,1206,LIG05,REC05,Synthetic,Secreted Signaling,0.7419491410255432
simulation_data,sample1,149,800,LIG01,REC01,Synthetic,Secreted Signaling,0.7405203580856323
simulation_data,sample1,239,800,LIG01,REC01,Synthetic,Secreted Signaling,0.7404786348342896
simulation_data,sample1,555,800,LIG01,REC01,Synthetic,Secreted Signaling,0.7404738664627075
simulation_data,sample1,163,800,LIG01,REC01,Synthetic,Secreted Signaling,0.7404471039772034
simulation_data,sample1,132,800,LIG01,REC01,Synthetic,Secreted Signaling,0.7403640151023865
simulation_data,sample1,274,1471,LIG01,REC01,Synthetic,Secreted Signaling,0.7402524352073669
simulation_data,sample1,541,1471,LIG01,REC01,Synthetic,Secreted Signaling,0.7402227520942688
simulation_data,sample1,201,1471,LIG01,REC01,Synthetic,Secreted Signaling,0.7402162551879883
simulation_data,sample1,224,1471,LIG01,REC01,Synthetic,Secreted Signaling,0.7401609420776367
simulation_data,sample1,508,1471,LIG01,REC01,Synthetic,Secreted Signaling,0.7401086688041687
simulation_data,sample1,233,1471,LIG01,REC01,Synthetic,Secreted Signaling,0.7400305271148682
simulation_data,sample1,445,821,LIG01,REC01,Synthetic,Secreted Signaling,0.7400109171867371
simulation_data,sample1,11,821,LIG01,REC01,Synthetic,Secreted Signaling,0.7399535775184631
simulation_data,sample1,295,908,LIG07,REC07,Synthetic,Secreted Signaling,0.7399425506591797
simulation_data,sample1,220,821,LIG01,REC01,Synthetic,Secreted Signaling,0.7399297952651978
simulation_data,sample1,48,1206,LIG05,REC05,Synthetic,Secreted Signaling,0.7395559549331665
simulation_data,sample1,23,908,LIG07,REC07,Synthetic,Secreted Signaling,0.7391049265861511
simulation_data,sample1,555,1096,LIG01,REC01,Synthetic,Secreted Signaling,0.7380813956260681
simulation_data,sample1,163,1096,LIG01,REC01,Synthetic,Secreted Signaling,0.7379962801933289
simulation_data,sample1,132,1096,LIG01,REC01,Synthetic,Secreted Signaling,0.7379887700080872
simulation_data,sample1,239,1096,LIG01,REC01,Synthetic,Secreted Signaling,0.7379012107849121
simulation_data,sample1,225,1216,LIG03,REC03,Synthetic,Secreted Signaling,0.7353373169898987
simulation_data,sample1,444,659,LIG04,REC04,Synthetic,Secreted Signaling,0.7350977063179016
simulation_data,sample1,518,1216,LIG03,REC03,Synthetic,Secreted Signaling,0.7350261211395264
simulation_data,sample1,407,659,LIG04,REC04,Synthetic,Secreted Signaling,0.7349390983581543
simulation_data,sample1,186,659,LIG04,REC04,Synthetic,Secreted Signaling,0.7349182963371277
simulation_data,sample1,210,659,LIG04,REC04,Synthetic,Secreted Signaling,0.7347445487976074
simulation_data,sample1,269,659,LIG04,REC04,Synthetic,Secreted Signaling,0.7346754670143127
simulation_data,sample1,434,1216,LIG03,REC03,Synthetic,Secreted Signaling,0.7340372800827026
simulation_data,sample1,220,953,LIG01,REC01,Synthetic,Secreted Signaling,0.7337662577629089
simulation_data,sample1,220,987,LIG01,REC01,Synthetic,Secreted Signaling,0.7311146855354309
simulation_data,sample1,215,958,LIG04,REC04,Synthetic,Secreted Signaling,0.7299440503120422
simulation_data,sample1,471,1127,LIG03,REC03,Synthetic,Secreted Signaling,0.7298966646194458
simulation_data,sample1,222,1127,LIG03,REC03,Synthetic,Secreted Signaling,0.7294126152992249
simulation_data,sample1,407,683,LIG03,REC03,Synthetic,Secreted Signaling,0.7293224334716797
simulation_data,sample1,471,1078,LIG01,REC01,Synthetic,Secreted Signaling,0.7292207479476929
simulation_data,sample1,269,1202,LIG01,REC01,Synthetic,Secreted Signaling,0.7292202711105347
simulation_data,sample1,48,1409,LIG01,REC01,Synthetic,Secreted Signaling,0.7292178869247437
simulation_data,sample1,35,663,LIG04,REC04,Synthetic,Secreted Signaling,0.7292091250419617
simulation_data,sample1,295,630,LIG07,REC07,Synthetic,Secreted Signaling,0.7291175723075867
simulation_data,sample1,164,1127,LIG03,REC03,Synthetic,Secreted Signaling,0.7283557057380676
simulation_data,sample1,199,958,LIG04,REC04,Synthetic,Secreted Signaling,0.7281305193901062
simulation_data,sample1,32,663,LIG04,REC04,Synthetic,Secreted Signaling,0.7280502915382385
simulation_data,sample1,48,1191,LIG07,REC07,Synthetic,Secreted Signaling,0.7276755571365356
simulation_data,sample1,434,1191,LIG07,REC07,Synthetic,Secreted Signaling,0.7260568141937256
simulation_data,sample1,508,836,LIG04,REC04,Synthetic,Secreted Signaling,0.7238019108772278
simulation_data,sample1,80,836,LIG04,REC04,Synthetic,Secreted Signaling,0.7237763404846191
simulation_data,sample1,201,836,LIG04,REC04,Synthetic,Secreted Signaling,0.7237133383750916
simulation_data,sample1,39,836,LIG04,REC04,Synthetic,Secreted Signaling,0.7235990762710571
simulation_data,sample1,224,836,LIG04,REC04,Synthetic,Secreted Signaling,0.7231351733207703
simulation_data,sample1,110,836,LIG04,REC04,Synthetic,Secreted Signaling,0.7230627536773682
simulation_data,sample1,283,636,LIG03,REC03,Synthetic,Secreted Signaling,0.7213610410690308
simulation_data,sample1,498,1129,LIG05,REC05,Synthetic,Secreted Signaling,0.720427930355072
simulation_data,sample1,284,636,LIG03,REC03,Synthetic,Secreted Signaling,0.7199447154998779
simulation_data,sample1,179,752,LIG04,REC04,Synthetic,Secreted Signaling,0.7163665890693665
simulation_data,sample1,41,752,LIG04,REC04,Synthetic,Secreted Signaling,0.7162436246871948
simulation_data,sample1,296,752,LIG04,REC04,Synthetic,Secreted Signaling,0.7159730792045593
simulation_data,sample1,479,752,LIG04,REC04,Synthetic,Secreted Signaling,0.71559739112854
simulation_data,sample1,467,636,LIG03,REC03,Synthetic,Secreted Signaling,0.7150979042053223
simulation_data,sample1,304,636,LIG03,REC03,Synthetic,Secreted Signaling,0.7148377299308777
simulation_data,sample1,563,636,LIG03,REC03,Synthetic,Secreted Signaling,0.7128005623817444
simulation_data,sample1,526,636,LIG03,REC03,Synthetic,Secreted Signaling,0.7126238346099854
simulation_data,sample1,426,987,LIG01,REC01,Synthetic,Secreted Signaling,0.7123221158981323
simulation_data,sample1,132,987,LIG01,REC01,Synthetic,Secreted Signaling,0.7122934460639954
simulation_data,sample1,149,987,LIG01,REC01,Synthetic,Secreted Signaling,0.7121109962463379
simulation_data,sample1,163,987,LIG01,REC01,Synthetic,Secreted Signaling,0.7120506167411804
simulation_data,sample1,222,1266,LIG03,REC03,Synthetic,Secreted Signaling,0.7069368958473206
simulation_data,sample1,372,1206,LIG05,REC05,Synthetic,Secreted Signaling,0.7058141827583313
simulation_data,sample1,471,1206,LIG05,REC05,Synthetic,Secreted Signaling,0.7051927447319031
simulation_data,sample1,289,1266,LIG03,REC03,Synthetic,Secreted Signaling,0.7046924233436584
simulation_data,sample1,164,1266,LIG03,REC03,Synthetic,Secreted Signaling,0.7037493586540222
simulation_data,sample1,199,1348,LIG03,REC03,Synthetic,Secreted Signaling,0.7010486721992493
simulation_data,sample1,407,873,LIG03,REC03,Synthetic,Secreted Signaling,0.6946468353271484
simulation_data,sample1,269,873,LIG03,REC03,Synthetic,Secreted Signaling,0.6939429640769958
simulation_data,sample1,253,1047,LIG05,REC05,Synthetic,Secreted Signaling,0.6881173253059387
simulation_data,sample1,289,1047,LIG05,REC05,Synthetic,Secreted Signaling,0.6874458193778992
simulation_data,sample1,222,1047,LIG05,REC05,Synthetic,Secreted Signaling,0.6870119571685791
simulation_data,sample1,433,1047,LIG05,REC05,Synthetic,Secreted Signaling,0.6861758232116699
simulation_data,sample1,199,768,LIG03,REC03,Synthetic,Secreted Signaling,0.6843146085739136
simulation_data,sample1,199,613,LIG05,REC05,Synthetic,Secreted Signaling,0.683990478515625
simulation_data,sample1,467,747,LIG05,REC05,Synthetic,Secreted Signaling,0.6837378144264221
simulation_data,sample1,563,747,LIG05,REC05,Synthetic,Secreted Signaling,0.6836472153663635
simulation_data,sample1,238,747,LIG05,REC05,Synthetic,Secreted Signaling,0.6834776401519775
simulation_data,sample1,444,1234,LIG05,REC05,Synthetic,Secreted Signaling,0.6661922931671143
simulation_data,sample1,295,1234,LIG05,REC05,Synthetic,Secreted Signaling,0.6661468148231506
simulation_data,sample1,186,1234,LIG05,REC05,Synthetic,Secreted Signaling,0.6660244464874268
simulation_data,sample1,480,653,LIG04,REC04,Synthetic,Secreted Signaling,0.6659706830978394
simulation_data,sample1,99,653,LIG04,REC04,Synthetic,Secreted Signaling,0.6657418012619019
simulation_data,sample1,474,653,LIG04,REC04,Synthetic,Secreted Signaling,0.665553092956543
simulation_data,sample1,597,653,LIG04,REC04,Synthetic,Secreted Signaling,0.6655442714691162
simulation_data,sample1,220,653,LIG04,REC04,Synthetic,Secreted Signaling,0.6654212474822998
simulation_data,sample1,445,653,LIG04,REC04,Synthetic,Secreted Signaling,0.6644833087921143
simulation_data,sample1,35,1312,LIG03,REC03,Synthetic,Secreted Signaling,0.6631264090538025
simulation_data,sample1,149,1420,LIG07,REC07,Synthetic,Secreted Signaling,0.6591881513595581
simulation_data,sample1,426,1420,LIG07,REC07,Synthetic,Secreted Signaling,0.6586709022521973
simulation_data,sample1,132,1420,LIG07,REC07,Synthetic,Secreted Signaling,0.6580830812454224
simulation_data,sample1,468,746,LIG02,REC02,Synthetic,Secreted Signaling,0.6441695690155029
simulation_data,sample1,384,1348,LIG03,REC03,Synthetic,Secreted Signaling,0.6425334215164185
simulation_data,sample1,498,1129,LIG06,REC06,Synthetic,Secreted Signaling,0.6424871683120728
simulation_data,sample1,239,1096,LIG03,REC03,Synthetic,Secreted Signaling,0.6421113014221191
simulation_data,sample1,132,1096,LIG03,REC03,Synthetic,Secreted Signaling,0.6417248249053955
simulation_data,sample1,163,803,LIG05,REC05,Synthetic,Secreted Signaling,0.6355537176132202
simulation_data,sample1,98,803,LIG05,REC05,Synthetic,Secreted Signaling,0.6349842548370361
simulation_data,sample1,386,803,LIG05,REC05,Synthetic,Secreted Signaling,0.634181022644043
simulation_data,sample1,222,1377,LIG04,REC04,Synthetic,Secreted Signaling,0.6315856575965881
simulation_data,sample1,181,803,LIG05,REC05,Synthetic,Secreted Signaling,0.6315163373947144
simulation_data,sample1,97,893,LIG03,REC03,Synthetic,Secreted Signaling,0.6311936974525452
simulation_data,sample1,518,893,LIG03,REC03,Synthetic,Secreted Signaling,0.6310900449752808
simulation_data,sample1,225,893,LIG03,REC03,Synthetic,Secreted Signaling,0.6305907964706421
simulation_data,sample1,164,1377,LIG04,REC04,Synthetic,Secreted Signaling,0.630553662776947
simulation_data,sample1,317,893,LIG03,REC03,Synthetic,Secreted Signaling,0.63039231300354
simulation_data,sample1,433,1377,LIG04,REC04,Synthetic,Secreted Signaling,0.6303409934043884
simulation_data,sample1,110,893,LIG03,REC03,Synthetic,Secreted Signaling,0.628484845161438
simulation_data,sample1,498,974,LIG02,REC02,Synthetic,Secreted Signaling,0.628474771976471
simulation_data,sample1,32,974,LIG02,REC02,Synthetic,Secreted Signaling,0.628370463848114
simulation_data,sample1,363,893,LIG03,REC03,Synthetic,Secreted Signaling,0.6276968121528625
simulation_data,sample1,39,893,LIG03,REC03,Synthetic,Secreted Signaling,0.6261013746261597
simulation_data,sample1,295,909,LIG06,REC06,Synthetic,Secreted Signaling,0.6222389340400696
simulation_data,sample1,597,670,LIG07,REC07,Synthetic,Secreted Signaling,0.6218430399894714
simulation_data,sample1,474,670,LIG07,REC07,Synthetic,Secreted Signaling,0.6216434836387634
simulation_data,sample1,52,1183,LIG04,REC04,Synthetic,Secreted Signaling,0.6213798522949219
simulation_data,sample1,498,1129,LIG02,REC02,Synthetic,Secreted Signaling,0.6205358505249023
simulation_data,sample1,597,1420,LIG07,REC07,Synthetic,Secreted Signaling,0.6143818497657776
simulation_data,sample1,304,1109,LIG10,REC10,Synthetic,Secreted Signaling,0.6122921109199524
simulation_data,sample1,274,777,LIG03,REC03,Synthetic,Secreted Signaling,0.6122229099273682
simulation_data,sample1,225,848,LIG07,REC07,Synthetic,Secreted Signaling,0.6095579862594604
simulation_data,sample1,434,848,LIG07,REC07,Synthetic,Secreted Signaling,0.6089611053466797
simulation_data,sample1,80,848,LIG07,REC07,Synthetic,Secreted Signaling,0.6081856489181519
simulation_data,sample1,168,848,LIG07,REC07,Synthetic,Secreted Signaling,0.6071510910987854
simulation_data,sample1,551,1129,LIG06,REC06,Synthetic,Secreted Signaling,0.6053963899612427
simulation_data,sample1,131,1129,LIG06,REC06,Synthetic,Secreted Signaling,0.6052600145339966
simulation_data,sample1,433,661,LIG06,REC06,Synthetic,Secreted Signaling,0.5945034623146057
simulation_data,sample1,164,661,LIG06,REC06,Synthetic,Secreted Signaling,0.5934942960739136
simulation_data,sample1,222,714,LIG04,REC04,Synthetic,Secreted Signaling,0.5930078625679016
simulation_data,sample1,433,714,LIG04,REC04,Synthetic,Secreted Signaling,0.591924786567688
simulation_data,sample1,289,714,LIG04,REC04,Synthetic,Secreted Signaling,0.591804563999176
simulation_data,sample1,164,714,LIG04,REC04,Synthetic,Secreted Signaling,0.5911026000976562
simulation_data,sample1,471,661,LIG06,REC06,Synthetic,Secreted Signaling,0.5905206203460693
simulation_data,sample1,210,659,LIG05,REC05,Synthetic,Secreted Signaling,0.5900203585624695
simulation_data,sample1,444,659,LIG05,REC05,Synthetic,Secreted Signaling,0.5897175669670105
simulation_data,sample1,407,659,LIG05,REC05,Synthetic,Secreted Signaling,0.5895623564720154
simulation_data,sample1,39,1370,LIG03,REC03,Synthetic,Secreted Signaling,0.5894884467124939
simulation_data,sample1,186,659,LIG05,REC05,Synthetic,Secreted Signaling,0.5889714360237122
simulation_data,sample1,110,1302,LIG07,REC07,Synthetic,Secreted Signaling,0.5859737396240234
simulation_data,sample1,114,1107,LIG05,REC05,Synthetic,Secreted Signaling,0.5844582915306091
simulation_data,sample1,407,1107,LIG05,REC05,Synthetic,Secreted Signaling,0.5829039812088013
simulation_data,sample1,32,978,LIG09,REC09,Synthetic,Secreted Signaling,0.5813943147659302
simulation_data,sample1,35,978,LIG09,REC09,Synthetic,Secreted Signaling,0.5808355212211609
simulation_data,sample1,219,690,LIG03,REC03,Synthetic,Secreted Signaling,0.574035108089447
simulation_data,sample1,179,690,LIG03,REC03,Synthetic,Secreted Signaling,0.5738950967788696
simulation_data,sample1,282,690,LIG03,REC03,Synthetic,Secreted Signaling,0.5737445950508118
simulation_data,sample1,255,690,LIG03,REC03,Synthetic,Secreted Signaling,0.571804404258728
simulation_data,sample1,249,690,LIG03,REC03,Synthetic,Secreted Signaling,0.5713249444961548
simulation_data,sample1,274,690,LIG03,REC03,Synthetic,Secreted Signaling,0.5706899166107178
simulation_data,sample1,69,690,LIG03,REC03,Synthetic,Secreted Signaling,0.5681037902832031
simulation_data,sample1,587,708,LIG04,REC04,Synthetic,Secreted Signaling,0.5622369050979614
simulation_data,sample1,426,653,LIG04,REC04,Synthetic,Secreted Signaling,0.5621240139007568
simulation_data,sample1,363,708,LIG04,REC04,Synthetic,Secreted Signaling,0.5620748996734619
simulation_data,sample1,80,708,LIG04,REC04,Synthetic,Secreted Signaling,0.5617924928665161
simulation_data,sample1,39,708,LIG04,REC04,Synthetic,Secreted Signaling,0.5617872476577759
simulation_data,sample1,110,708,LIG04,REC04,Synthetic,Secreted Signaling,0.5616942048072815
simulation_data,sample1,149,653,LIG04,REC04,Synthetic,Secreted Signaling,0.5612408518791199
simulation_data,sample1,32,978,LIG10,REC10,Synthetic,Secreted Signaling,0.5600936412811279
simulation_data,sample1,35,978,LIG10,REC10,Synthetic,Secreted Signaling,0.5593293309211731
simulation_data,sample1,289,1192,LIG07,REC07,Synthetic,Secreted Signaling,0.5535373687744141
simulation_data,sample1,433,1192,LIG07,REC07,Synthetic,Secreted Signaling,0.5534166097640991
simulation_data,sample1,35,1072,LIG07,REC07,Synthetic,Secreted Signaling,0.5533257126808167
simulation_data,sample1,32,1072,LIG07,REC07,Synthetic,Secreted Signaling,0.552537202835083
simulation_data,sample1,289,1001,LIG09,REC09,Synthetic,Secreted Signaling,0.5496406555175781
simulation_data,sample1,292,1049,LIG06,REC06,Synthetic,Secreted Signaling,0.5496259927749634
simulation_data,sample1,60,1001,LIG09,REC09,Synthetic,Secreted Signaling,0.5495651960372925
simulation_data,sample1,474,1001,LIG09,REC09,Synthetic,Secreted Signaling,0.5495467185974121
simulation_data,sample1,480,1001,LIG09,REC09,Synthetic,Secreted Signaling,0.5495424866676331
simulation_data,sample1,19,1001,LIG09,REC09,Synthetic,Secreted Signaling,0.54938143491745
simulation_data,sample1,52,1316,LIG10,REC10,Synthetic,Secreted Signaling,0.5492584109306335
simulation_data,sample1,295,1316,LIG10,REC10,Synthetic,Secreted Signaling,0.5490356087684631
simulation_data,sample1,240,909,LIG02,REC02,Synthetic,Secreted Signaling,0.5425955057144165
simulation_data,sample1,396,909,LIG02,REC02,Synthetic,Secreted Signaling,0.542141318321228
simulation_data,sample1,52,909,LIG02,REC02,Synthetic,Secreted Signaling,0.5419960618019104
simulation_data,sample1,295,909,LIG02,REC02,Synthetic,Secreted Signaling,0.5411232113838196
simulation_data,sample1,23,909,LIG02,REC02,Synthetic,Secreted Signaling,0.5409916639328003
simulation_data,sample1,52,1316,LIG09,REC09,Synthetic,Secreted Signaling,0.5408101677894592
simulation_data,sample1,23,1316,LIG09,REC09,Synthetic,Secreted Signaling,0.5408090949058533
simulation_data,sample1,479,752,LIG07,REC07,Synthetic,Secreted Signaling,0.5384988188743591
simulation_data,sample1,41,752,LIG07,REC07,Synthetic,Secreted Signaling,0.5375850796699524
simulation_data,sample1,309,752,LIG07,REC07,Synthetic,Secreted Signaling,0.5375434160232544
simulation_data,sample1,179,752,LIG07,REC07,Synthetic,Secreted Signaling,0.5374137759208679
simulation_data,sample1,526,978,LIG10,REC10,Synthetic,Secreted Signaling,0.5373517870903015
simulation_data,sample1,19,1001,LIG08,REC08,Synthetic,Secreted Signaling,0.5361247062683105
simulation_data,sample1,480,1001,LIG08,REC08,Synthetic,Secreted Signaling,0.5352413654327393
simulation_data,sample1,60,1001,LIG08,REC08,Synthetic,Secreted Signaling,0.5351230502128601
simulation_data,sample1,210,642,LIG05,REC05,Synthetic,Secreted Signaling,0.531374990940094
simulation_data,sample1,35,1311,LIG03,REC03,Synthetic,Secreted Signaling,0.5305920243263245
simulation_data,sample1,114,642,LIG05,REC05,Synthetic,Secreted Signaling,0.5300798416137695
simulation_data,sample1,407,642,LIG05,REC05,Synthetic,Secreted Signaling,0.5289857983589172
simulation_data,sample1,32,1311,LIG03,REC03,Synthetic,Secreted Signaling,0.5286407470703125
simulation_data,sample1,304,1006,LIG06,REC06,Synthetic,Secreted Signaling,0.5261420607566833
simulation_data,sample1,292,1049,LIG02,REC02,Synthetic,Secreted Signaling,0.5260435342788696
simulation_data,sample1,114,762,LIG06,REC06,Synthetic,Secreted Signaling,0.5257021188735962
simulation_data,sample1,563,1006,LIG06,REC06,Synthetic,Secreted Signaling,0.5254924893379211
simulation_data,sample1,204,762,LIG06,REC06,Synthetic,Secreted Signaling,0.5254250764846802
simulation_data,sample1,215,808,LIG02,REC02,Synthetic,Secreted Signaling,0.5249018669128418
simulation_data,sample1,199,808,LIG02,REC02,Synthetic,Secreted Signaling,0.5246785879135132
simulation_data,sample1,467,1006,LIG06,REC06,Synthetic,Secreted Signaling,0.5246106386184692
simulation_data,sample1,240,1234,LIG02,REC02,Synthetic,Secreted Signaling,0.5244622826576233
simulation_data,sample1,498,974,LIG05,REC05,Synthetic,Secreted Signaling,0.5237826704978943
simulation_data,sample1,444,1234,LIG02,REC02,Synthetic,Secreted Signaling,0.5237215757369995
simulation_data,sample1,186,1234,LIG02,REC02,Synthetic,Secreted Signaling,0.523682177066803
simulation_data,sample1,32,974,LIG05,REC05,Synthetic,Secreted Signaling,0.5235905647277832
simulation_data,sample1,295,1234,LIG02,REC02,Synthetic,Secreted Signaling,0.5235791802406311
simulation_data,sample1,23,1234,LIG02,REC02,Synthetic,Secreted Signaling,0.5235157012939453
simulation_data,sample1,292,1109,LIG02,REC02,Synthetic,Secreted Signaling,0.5234682559967041
simulation_data,sample1,220,921,LIG04,REC04,Synthetic,Secreted Signaling,0.5224059820175171
simulation_data,sample1,479,1298,LIG02,REC02,Synthetic,Secreted Signaling,0.5219717025756836
simulation_data,sample1,474,1187,LIG02,REC02,Synthetic,Secreted Signaling,0.5219689011573792
simulation_data,sample1,468,891,LIG02,REC02,Synthetic,Secreted Signaling,0.5219637751579285
simulation_data,sample1,48,1350,LIG07,REC07,Synthetic,Secreted Signaling,0.521963357925415
simulation_data,sample1,48,970,LIG05,REC05,Synthetic,Secreted Signaling,0.521963357925415
simulation_data,sample1,471,839,LIG03,REC03,Synthetic,Secreted Signaling,0.521963357925415
simulation_data,sample1,471,999,LIG06,REC06,Synthetic,Secreted Signaling,0.521963357925415
simulation_data,sample1,468,891,LIG09,REC09,Synthetic,Secreted Signaling,0.5219631791114807
simulation_data,sample1,474,1187,LIG10,REC10,Synthetic,Secreted Signaling,0.5219581127166748
simulation_data,sample1,479,1298,LIG09,REC09,Synthetic,Secreted Signaling,0.5219553112983704
simulation_data,sample1,253,1047,LIG02,REC02,Synthetic,Secreted Signaling,0.5215879678726196
simulation_data,sample1,199,613,LIG02,REC02,Synthetic,Secreted Signaling,0.5213882923126221
simulation_data,sample1,269,873,LIG04,REC04,Synthetic,Secreted Signaling,0.5212234854698181
simulation_data,sample1,597,921,LIG04,REC04,Synthetic,Secreted Signaling,0.521196722984314
simulation_data,sample1,407,873,LIG04,REC04,Synthetic,Secreted Signaling,0.5211324095726013
simulation_data,sample1,289,1047,LIG02,REC02,Synthetic,Secreted Signaling,0.521100640296936
simulation_data,sample1,480,921,LIG04,REC04,Synthetic,Secreted Signaling,0.5210086703300476
simulation_data,sample1,99,921,LIG04,REC04,Synthetic,Secreted Signaling,0.5210069417953491
simulation_data,sample1,396,676,LIG04,REC04,Synthetic,Secreted Signaling,0.5209708213806152
simulation_data,sample1,164,1047,LIG02,REC02,Synthetic,Secreted Signaling,0.5207856297492981
simulation_data,sample1,433,1047,LIG02,REC02,Synthetic,Secreted Signaling,0.5203801989555359
simulation_data,sample1,474,921,LIG04,REC04,Synthetic,Secreted Signaling,0.5202937722206116
simulation_data,sample1,468,746,LIG10,REC10,Synthetic,Secreted Signaling,0.5195469856262207
simulation_data,sample1,445,921,LIG04,REC04,Synthetic,Secreted Signaling,0.5194776058197021
simulation_data,sample1,52,676,LIG04,REC04,Synthetic,Secreted Signaling,0.5193535685539246
simulation_data,sample1,32,978,LIG08,REC08,Synthetic,Secreted Signaling,0.5177741050720215
simulation_data,sample1,35,956,LIG02,REC02,Synthetic,Secreted Signaling,0.5173520445823669
simulation_data,sample1,35,978,LIG08,REC08,Synthetic,Secreted Signaling,0.5171624422073364
simulation_data,sample1,52,1316,LIG02,REC02,Synthetic,Secreted Signaling,0.5166265368461609
simulation_data,sample1,295,1316,LIG02,REC02,Synthetic,Secreted Signaling,0.51587975025177
simulation_data,sample1,23,1316,LIG02,REC02,Synthetic,Secreted Signaling,0.5158417820930481
simulation_data,sample1,498,746,LIG10,REC10,Synthetic,Secreted Signaling,0.5152163505554199
simulation_data,sample1,269,642,LIG06,REC06,Synthetic,Secreted Signaling,0.5148278474807739
simulation_data,sample1,474,1001,LIG02,REC02,Synthetic,Secreted Signaling,0.5139946341514587
simulation_data,sample1,480,1001,LIG02,REC02,Synthetic,Secreted Signaling,0.5139709711074829
simulation_data,sample1,289,1001,LIG02,REC02,Synthetic,Secreted Signaling,0.5136405825614929
simulation_data,sample1,39,1302,LIG06,REC06,Synthetic,Secreted Signaling,0.5127688050270081
simulation_data,sample1,224,1302,LIG06,REC06,Synthetic,Secreted Signaling,0.5126248598098755
simulation_data,sample1,433,650,LIG07,REC07,Synthetic,Secreted Signaling,0.5124024748802185
simulation_data,sample1,533,909,LIG02,REC02,Synthetic,Secreted Signaling,0.5119776129722595
simulation_data,sample1,114,642,LIG06,REC06,Synthetic,Secreted Signaling,0.5111090540885925
simulation_data,sample1,433,650,LIG05,REC05,Synthetic,Secreted Signaling,0.5110123753547668
simulation_data,sample1,445,821,LIG03,REC03,Synthetic,Secreted Signaling,0.510798454284668
simulation_data,sample1,220,821,LIG03,REC03,Synthetic,Secreted Signaling,0.5105763673782349
simulation_data,sample1,11,821,LIG03,REC03,Synthetic,Secreted Signaling,0.5102773904800415
simulation_data,sample1,210,642,LIG06,REC06,Synthetic,Secreted Signaling,0.5094406008720398
simulation_data,sample1,88,1129,LIG02,REC02,Synthetic,Secreted Signaling,0.5093300938606262
simulation_data,sample1,131,1129,LIG02,REC02,Synthetic,Secreted Signaling,0.5092650055885315
simulation_data,sample1,551,1129,LIG02,REC02,Synthetic,Secreted Signaling,0.5091311931610107
simulation_data,sample1,224,1302,LIG05,REC05,Synthetic,Secreted Signaling,0.508752703666687
simulation_data,sample1,468,1129,LIG02,REC02,Synthetic,Secreted Signaling,0.5085444450378418
simulation_data,sample1,39,1302,LIG05,REC05,Synthetic,Secreted Signaling,0.5081200003623962
simulation_data,sample1,48,1206,LIG06,REC06,Synthetic,Secreted Signaling,0.5071475505828857
simulation_data,sample1,277,1206,LIG06,REC06,Synthetic,Secreted Signaling,0.5037798881530762
simulation_data,sample1,164,1192,LIG06,REC06,Synthetic,Secreted Signaling,0.5030946135520935
simulation_data,sample1,433,1192,LIG06,REC06,Synthetic,Secreted Signaling,0.502812922000885
simulation_data,sample1,289,1397,LIG02,REC02,Synthetic,Secreted Signaling,0.49813735485076904
simulation_data,sample1,563,864,LIG04,REC04,Synthetic,Secreted Signaling,0.4966403841972351
simulation_data,sample1,238,864,LIG04,REC04,Synthetic,Secreted Signaling,0.4959990382194519
simulation_data,sample1,526,864,LIG04,REC04,Synthetic,Secreted Signaling,0.4942490756511688
simulation_data,sample1,168,848,LIG02,REC02,Synthetic,Secreted Signaling,0.4893815517425537
simulation_data,sample1,363,848,LIG02,REC02,Synthetic,Secreted Signaling,0.4887315034866333
simulation_data,sample1,39,848,LIG02,REC02,Synthetic,Secreted Signaling,0.4883110225200653
simulation_data,sample1,434,848,LIG02,REC02,Synthetic,Secreted Signaling,0.48769673705101013
simulation_data,sample1,587,848,LIG02,REC02,Synthetic,Secreted Signaling,0.4875691533088684
simulation_data,sample1,225,848,LIG02,REC02,Synthetic,Secreted Signaling,0.4875067472457886
simulation_data,sample1,526,1413,LIG07,REC07,Synthetic,Secreted Signaling,0.4850212335586548
simulation_data,sample1,210,659,LIG02,REC02,Synthetic,Secreted Signaling,0.48481208086013794
simulation_data,sample1,444,659,LIG02,REC02,Synthetic,Secreted Signaling,0.48453742265701294
simulation_data,sample1,224,836,LIG06,REC06,Synthetic,Secreted Signaling,0.48453035950660706
simulation_data,sample1,445,1420,LIG02,REC02,Synthetic,Secreted Signaling,0.48442205786705017
simulation_data,sample1,39,836,LIG06,REC06,Synthetic,Secreted Signaling,0.4843570291996002
simulation_data,sample1,186,659,LIG02,REC02,Synthetic,Secreted Signaling,0.48433351516723633
simulation_data,sample1,407,659,LIG02,REC02,Synthetic,Secreted Signaling,0.4842839539051056
simulation_data,sample1,508,836,LIG06,REC06,Synthetic,Secreted Signaling,0.4840635657310486
simulation_data,sample1,11,1420,LIG02,REC02,Synthetic,Secreted Signaling,0.48403429985046387
simulation_data,sample1,103,836,LIG06,REC06,Synthetic,Secreted Signaling,0.4840155243873596
simulation_data,sample1,597,1420,LIG02,REC02,Synthetic,Secreted Signaling,0.48386672139167786
simulation_data,sample1,201,836,LIG06,REC06,Synthetic,Secreted Signaling,0.483778715133667
simulation_data,sample1,238,1006,LIG07,REC07,Synthetic,Secreted Signaling,0.48368629813194275
simulation_data,sample1,551,1252,LIG07,REC07,Synthetic,Secreted Signaling,0.48250141739845276
simulation_data,sample1,95,1015,LIG05,REC05,Synthetic,Secreted Signaling,0.482429563999176
simulation_data,sample1,526,1006,LIG07,REC07,Synthetic,Secreted Signaling,0.4824114441871643
simulation_data,sample1,447,1015,LIG05,REC05,Synthetic,Secreted Signaling,0.48228296637535095
simulation_data,sample1,131,1252,LIG07,REC07,Synthetic,Secreted Signaling,0.4821963906288147
simulation_data,sample1,514,1252,LIG07,REC07,Synthetic,Secreted Signaling,0.4821939170360565
simulation_data,sample1,181,1252,LIG07,REC07,Synthetic,Secreted Signaling,0.4821437895298004
simulation_data,sample1,467,1006,LIG07,REC07,Synthetic,Secreted Signaling,0.4821328818798065
simulation_data,sample1,386,1252,LIG07,REC07,Synthetic,Secreted Signaling,0.48207560181617737
simulation_data,sample1,498,1015,LIG05,REC05,Synthetic,Secreted Signaling,0.48177456855773926
simulation_data,sample1,35,1015,LIG05,REC05,Synthetic,Secreted Signaling,0.4805067181587219
simulation_data,sample1,32,1015,LIG05,REC05,Synthetic,Secreted Signaling,0.4788374602794647
simulation_data,sample1,186,908,LIG02,REC02,Synthetic,Secreted Signaling,0.47525519132614136
simulation_data,sample1,444,908,LIG02,REC02,Synthetic,Secreted Signaling,0.4752391278743744
simulation_data,sample1,526,1072,LIG07,REC07,Synthetic,Secreted Signaling,0.4750491678714752
simulation_data,sample1,295,908,LIG02,REC02,Synthetic,Secreted Signaling,0.4743143320083618
simulation_data,sample1,295,1269,LIG06,REC06,Synthetic,Secreted Signaling,0.4742574691772461
simulation_data,sample1,23,908,LIG02,REC02,Synthetic,Secreted Signaling,0.4740898907184601
simulation_data,sample1,325,1269,LIG06,REC06,Synthetic,Secreted Signaling,0.4705045223236084
simulation_data,sample1,110,1302,LIG02,REC02,Synthetic,Secreted Signaling,0.4704101085662842
simulation_data,sample1,224,1302,LIG02,REC02,Synthetic,Secreted Signaling,0.47038763761520386
simulation_data,sample1,39,1302,LIG02,REC02,Synthetic,Secreted Signaling,0.4698781669139862
simulation_data,sample1,346,1302,LIG02,REC02,Synthetic,Secreted Signaling,0.46956318616867065
simulation_data,sample1,467,1006,LIG05,REC05,Synthetic,Secreted Signaling,0.469482958316803
simulation_data,sample1,249,1343,LIG03,REC03,Synthetic,Secreted Signaling,0.4685640037059784
simulation_data,sample1,563,1006,LIG05,REC05,Synthetic,Secreted Signaling,0.4683951437473297
simulation_data,sample1,304,1006,LIG05,REC05,Synthetic,Secreted Signaling,0.467392235994339
simulation_data,sample1,238,1006,LIG05,REC05,Synthetic,Secreted Signaling,0.4672602415084839
simulation_data,sample1,69,1343,LIG03,REC03,Synthetic,Secreted Signaling,0.46641215682029724
simulation_data,sample1,444,908,LIG10,REC10,Synthetic,Secreted Signaling,0.4644128680229187
simulation_data,sample1,295,908,LIG10,REC10,Synthetic,Secreted Signaling,0.4641728699207306
simulation_data,sample1,295,1208,LIG05,REC05,Synthetic,Secreted Signaling,0.46363356709480286
simulation_data,sample1,238,1153,LIG05,REC05,Synthetic,Secreted Signaling,0.4615139365196228
simulation_data,sample1,563,1153,LIG05,REC05,Synthetic,Secreted Signaling,0.46123480796813965
simulation_data,sample1,436,649,LIG03,REC03,Synthetic,Secreted Signaling,0.4609971344470978
simulation_data,sample1,467,1153,LIG05,REC05,Synthetic,Secreted Signaling,0.4608383774757385
simulation_data,sample1,219,649,LIG03,REC03,Synthetic,Secreted Signaling,0.4604317843914032
simulation_data,sample1,468,974,LIG02,REC02,Synthetic,Secreted Signaling,0.45990222692489624
simulation_data,sample1,255,649,LIG03,REC03,Synthetic,Secreted Signaling,0.4596550166606903
simulation_data,sample1,249,649,LIG03,REC03,Synthetic,Secreted Signaling,0.4596157968044281
simulation_data,sample1,474,670,LIG02,REC02,Synthetic,Secreted Signaling,0.4584276080131531
simulation_data,sample1,445,670,LIG02,REC02,Synthetic,Secreted Signaling,0.4580758213996887
simulation_data,sample1,11,670,LIG02,REC02,Synthetic,Secreted Signaling,0.4580117464065552
simulation_data,sample1,597,670,LIG02,REC02,Synthetic,Secreted Signaling,0.45793816447257996
simulation_data,sample1,274,649,LIG03,REC03,Synthetic,Secreted Signaling,0.45724165439605713
simulation_data,sample1,220,1209,LIG10,REC10,Synthetic,Secreted Signaling,0.45632994174957275
simulation_data,sample1,69,649,LIG03,REC03,Synthetic,Secreted Signaling,0.45556485652923584
simulation_data,sample1,255,646,LIG04,REC04,Synthetic,Secreted Signaling,0.4550132751464844
simulation_data,sample1,41,646,LIG04,REC04,Synthetic,Secreted Signaling,0.45484787225723267
simulation_data,sample1,179,646,LIG04,REC04,Synthetic,Secreted Signaling,0.454742431640625
simulation_data,sample1,479,646,LIG04,REC04,Synthetic,Secreted Signaling,0.4543980062007904
simulation_data,sample1,249,646,LIG04,REC04,Synthetic,Secreted Signaling,0.45432573556900024
simulation_data,sample1,296,646,LIG04,REC04,Synthetic,Secreted Signaling,0.4542865455150604
simulation_data,sample1,201,836,LIG02,REC02,Synthetic,Secreted Signaling,0.452545702457428
simulation_data,sample1,110,836,LIG02,REC02,Synthetic,Secreted Signaling,0.4519047141075134
simulation_data,sample1,508,836,LIG02,REC02,Synthetic,Secreted Signaling,0.4518488347530365
simulation_data,sample1,103,836,LIG02,REC02,Synthetic,Secreted Signaling,0.45179811120033264
simulation_data,sample1,224,836,LIG02,REC02,Synthetic,Secreted Signaling,0.4515361785888672
simulation_data,sample1,39,836,LIG02,REC02,Synthetic,Secreted Signaling,0.45141923427581787
simulation_data,sample1,346,836,LIG02,REC02,Synthetic,Secreted Signaling,0.45076993107795715
simulation_data,sample1,35,1153,LIG05,REC05,Synthetic,Secreted Signaling,0.44849085807800293
simulation_data,sample1,132,1420,LIG02,REC02,Synthetic,Secreted Signaling,0.44444000720977783
simulation_data,sample1,163,1420,LIG02,REC02,Synthetic,Secreted Signaling,0.4441770017147064
simulation_data,sample1,508,1471,LIG06,REC06,Synthetic,Secreted Signaling,0.44407227635383606
simulation_data,sample1,224,1471,LIG06,REC06,Synthetic,Secreted Signaling,0.44404882192611694
simulation_data,sample1,436,1471,LIG06,REC06,Synthetic,Secreted Signaling,0.4438238739967346
simulation_data,sample1,426,1420,LIG02,REC02,Synthetic,Secreted Signaling,0.44375163316726685
simulation_data,sample1,274,1471,LIG06,REC06,Synthetic,Secreted Signaling,0.4435553252696991
simulation_data,sample1,201,1471,LIG06,REC06,Synthetic,Secreted Signaling,0.4435310661792755
simulation_data,sample1,289,1192,LIG05,REC05,Synthetic,Secreted Signaling,0.4401331841945648
simulation_data,sample1,433,1192,LIG05,REC05,Synthetic,Secreted Signaling,0.4396239221096039
simulation_data,sample1,23,909,LIG09,REC09,Synthetic,Secreted Signaling,0.4388561546802521
simulation_data,sample1,52,909,LIG09,REC09,Synthetic,Secreted Signaling,0.43878963589668274
simulation_data,sample1,396,909,LIG09,REC09,Synthetic,Secreted Signaling,0.43867820501327515
simulation_data,sample1,555,1231,LIG09,REC09,Synthetic,Secreted Signaling,0.4384518563747406
simulation_data,sample1,526,941,LIG07,REC07,Synthetic,Secreted Signaling,0.43843525648117065
simulation_data,sample1,163,1231,LIG09,REC09,Synthetic,Secreted Signaling,0.4378528296947479
simulation_data,sample1,132,1231,LIG09,REC09,Synthetic,Secreted Signaling,0.4378005862236023
simulation_data,sample1,238,636,LIG07,REC07,Synthetic,Secreted Signaling,0.4359663128852844
simulation_data,sample1,526,636,LIG07,REC07,Synthetic,Secreted Signaling,0.43557319045066833
simulation_data,sample1,269,873,LIG06,REC06,Synthetic,Secreted Signaling,0.4355223476886749
simulation_data,sample1,467,636,LIG07,REC07,Synthetic,Secreted Signaling,0.4351983666419983
simulation_data,sample1,95,685,LIG03,REC03,Synthetic,Secreted Signaling,0.43476754426956177
simulation_data,sample1,447,685,LIG03,REC03,Synthetic,Secreted Signaling,0.4343877136707306
simulation_data,sample1,35,685,LIG03,REC03,Synthetic,Secreted Signaling,0.43383416533470154
simulation_data,sample1,498,746,LIG02,REC02,Synthetic,Secreted Signaling,0.4335876703262329
simulation_data,sample1,32,685,LIG03,REC03,Synthetic,Secreted Signaling,0.4316900074481964
simulation_data,sample1,372,668,LIG04,REC04,Synthetic,Secreted Signaling,0.42768123745918274
simulation_data,sample1,222,668,LIG04,REC04,Synthetic,Secreted Signaling,0.427609920501709
simulation_data,sample1,164,668,LIG04,REC04,Synthetic,Secreted Signaling,0.42707058787345886
simulation_data,sample1,508,713,LIG04,REC04,Synthetic,Secreted Signaling,0.42675814032554626
simulation_data,sample1,433,668,LIG04,REC04,Synthetic,Secreted Signaling,0.42674416303634644
simulation_data,sample1,224,713,LIG04,REC04,Synthetic,Secreted Signaling,0.426201730966568
simulation_data,sample1,529,1209,LIG10,REC10,Synthetic,Secreted Signaling,0.4219600260257721
simulation_data,sample1,555,1209,LIG10,REC10,Synthetic,Secreted Signaling,0.42067021131515503
simulation_data,sample1,468,685,LIG03,REC03,Synthetic,Secreted Signaling,0.4204878509044647
simulation_data,sample1,163,1209,LIG10,REC10,Synthetic,Secreted Signaling,0.42025530338287354
simulation_data,sample1,149,1209,LIG10,REC10,Synthetic,Secreted Signaling,0.41935616731643677
simulation_data,sample1,292,1109,LIG10,REC10,Synthetic,Secreted Signaling,0.4176764488220215
simulation_data,sample1,597,1420,LIG09,REC09,Synthetic,Secreted Signaling,0.40651533007621765
simulation_data,sample1,444,1257,LIG05,REC05,Synthetic,Secreted Signaling,0.4021702706813812
simulation_data,sample1,186,1257,LIG05,REC05,Synthetic,Secreted Signaling,0.40187692642211914
simulation_data,sample1,384,1183,LIG04,REC04,Synthetic,Secreted Signaling,0.39713194966316223
simulation_data,sample1,32,974,LIG06,REC06,Synthetic,Secreted Signaling,0.39664193987846375
simulation_data,sample1,498,974,LIG06,REC06,Synthetic,Secreted Signaling,0.39552319049835205
simulation_data,sample1,179,646,LIG06,REC06,Synthetic,Secreted Signaling,0.3949720859527588
simulation_data,sample1,296,646,LIG06,REC06,Synthetic,Secreted Signaling,0.3948039710521698
simulation_data,sample1,41,646,LIG06,REC06,Synthetic,Secreted Signaling,0.394721120595932
simulation_data,sample1,305,762,LIG02,REC02,Synthetic,Secreted Signaling,0.39402005076408386
simulation_data,sample1,114,762,LIG02,REC02,Synthetic,Secreted Signaling,0.39389148354530334
simulation_data,sample1,255,646,LIG06,REC06,Synthetic,Secreted Signaling,0.3937341868877411
simulation_data,sample1,407,762,LIG02,REC02,Synthetic,Secreted Signaling,0.39308789372444153
simulation_data,sample1,434,1191,LIG09,REC09,Synthetic,Secreted Signaling,0.3916187584400177
simulation_data,sample1,80,893,LIG07,REC07,Synthetic,Secreted Signaling,0.386162668466568
simulation_data,sample1,110,893,LIG07,REC07,Synthetic,Secreted Signaling,0.3858834505081177
simulation_data,sample1,225,893,LIG07,REC07,Synthetic,Secreted Signaling,0.38532504439353943
simulation_data,sample1,199,1348,LIG05,REC05,Synthetic,Secreted Signaling,0.38515058159828186
simulation_data,sample1,32,692,LIG09,REC09,Synthetic,Secreted Signaling,0.384845107793808
simulation_data,sample1,35,692,LIG09,REC09,Synthetic,Secreted Signaling,0.3848212957382202
simulation_data,sample1,197,692,LIG09,REC09,Synthetic,Secreted Signaling,0.3845308721065521
simulation_data,sample1,132,953,LIG07,REC07,Synthetic,Secreted Signaling,0.38406553864479065
simulation_data,sample1,149,953,LIG07,REC07,Synthetic,Secreted Signaling,0.383946031332016
simulation_data,sample1,426,953,LIG07,REC07,Synthetic,Secreted Signaling,0.3838216960430145
simulation_data,sample1,239,953,LIG07,REC07,Synthetic,Secreted Signaling,0.3837123513221741
simulation_data,sample1,315,953,LIG07,REC07,Synthetic,Secreted Signaling,0.3833438456058502
simulation_data,sample1,69,690,LIG06,REC06,Synthetic,Secreted Signaling,0.3823322653770447
simulation_data,sample1,467,705,LIG05,REC05,Synthetic,Secreted Signaling,0.38158729672431946
simulation_data,sample1,239,1344,LIG09,REC09,Synthetic,Secreted Signaling,0.3814913332462311
simulation_data,sample1,163,1209,LIG09,REC09,Synthetic,Secreted Signaling,0.3812469244003296
simulation_data,sample1,555,1209,LIG09,REC09,Synthetic,Secreted Signaling,0.38120970129966736
simulation_data,sample1,132,1209,LIG09,REC09,Synthetic,Secreted Signaling,0.38114041090011597
simulation_data,sample1,274,690,LIG06,REC06,Synthetic,Secreted Signaling,0.3809780478477478
simulation_data,sample1,304,705,LIG05,REC05,Synthetic,Secreted Signaling,0.3808969557285309
simulation_data,sample1,132,1344,LIG09,REC09,Synthetic,Secreted Signaling,0.3808824121952057
simulation_data,sample1,563,705,LIG05,REC05,Synthetic,Secreted Signaling,0.380809485912323
simulation_data,sample1,239,1209,LIG09,REC09,Synthetic,Secreted Signaling,0.3807758688926697
simulation_data,sample1,255,690,LIG06,REC06,Synthetic,Secreted Signaling,0.3803679943084717
simulation_data,sample1,363,708,LIG02,REC02,Synthetic,Secreted Signaling,0.3801918625831604
simulation_data,sample1,110,708,LIG02,REC02,Synthetic,Secreted Signaling,0.38017311692237854
simulation_data,sample1,238,705,LIG05,REC05,Synthetic,Secreted Signaling,0.38004469871520996
simulation_data,sample1,587,708,LIG02,REC02,Synthetic,Secreted Signaling,0.37998607754707336
simulation_data,sample1,346,708,LIG02,REC02,Synthetic,Secreted Signaling,0.37985098361968994
simulation_data,sample1,136,690,LIG06,REC06,Synthetic,Secreted Signaling,0.3797829747200012
simulation_data,sample1,179,690,LIG06,REC06,Synthetic,Secreted Signaling,0.37967944145202637
simulation_data,sample1,39,708,LIG02,REC02,Synthetic,Secreted Signaling,0.37965458631515503
simulation_data,sample1,282,690,LIG06,REC06,Synthetic,Secreted Signaling,0.3795573115348816
simulation_data,sample1,289,1203,LIG09,REC09,Synthetic,Secreted Signaling,0.3788718581199646
simulation_data,sample1,479,752,LIG02,REC02,Synthetic,Secreted Signaling,0.3765967786312103
simulation_data,sample1,518,893,LIG05,REC05,Synthetic,Secreted Signaling,0.3764900863170624
simulation_data,sample1,97,893,LIG05,REC05,Synthetic,Secreted Signaling,0.37633004784584045
simulation_data,sample1,317,893,LIG05,REC05,Synthetic,Secreted Signaling,0.3762803077697754
simulation_data,sample1,225,893,LIG05,REC05,Synthetic,Secreted Signaling,0.3760402500629425
simulation_data,sample1,526,864,LIG07,REC07,Synthetic,Secreted Signaling,0.3751605749130249
simulation_data,sample1,238,864,LIG07,REC07,Synthetic,Secreted Signaling,0.3747921586036682
simulation_data,sample1,587,893,LIG05,REC05,Synthetic,Secreted Signaling,0.3747718632221222
simulation_data,sample1,467,864,LIG07,REC07,Synthetic,Secreted Signaling,0.3747492730617523
simulation_data,sample1,363,893,LIG05,REC05,Synthetic,Secreted Signaling,0.3747127950191498
simulation_data,sample1,80,893,LIG05,REC05,Synthetic,Secreted Signaling,0.37442079186439514
simulation_data,sample1,39,893,LIG05,REC05,Synthetic,Secreted Signaling,0.3740933835506439
simulation_data,sample1,587,1319,LIG06,REC06,Synthetic,Secreted Signaling,0.371469110250473
simulation_data,sample1,363,1319,LIG06,REC06,Synthetic,Secreted Signaling,0.37131133675575256
simulation_data,sample1,39,1319,LIG06,REC06,Synthetic,Secreted Signaling,0.37119123339653015
simulation_data,sample1,434,1319,LIG06,REC06,Synthetic,Secreted Signaling,0.37070798873901367
simulation_data,sample1,224,713,LIG06,REC06,Synthetic,Secreted Signaling,0.36937612295150757
simulation_data,sample1,296,1315,LIG04,REC04,Synthetic,Secreted Signaling,0.3691934049129486
simulation_data,sample1,508,713,LIG06,REC06,Synthetic,Secreted Signaling,0.36909130215644836
simulation_data,sample1,479,1315,LIG04,REC04,Synthetic,Secreted Signaling,0.368894100189209
simulation_data,sample1,181,666,LIG05,REC05,Synthetic,Secreted Signaling,0.3674778938293457
simulation_data,sample1,199,934,LIG04,REC04,Synthetic,Secreted Signaling,0.36589524149894714
simulation_data,sample1,199,613,LIG10,REC10,Synthetic,Secreted Signaling,0.3657872676849365
simulation_data,sample1,551,666,LIG06,REC06,Synthetic,Secreted Signaling,0.3639450669288635
simulation_data,sample1,468,1129,LIG09,REC09,Synthetic,Secreted Signaling,0.36328375339508057
simulation_data,sample1,526,978,LIG09,REC09,Synthetic,Secreted Signaling,0.36258208751678467
simulation_data,sample1,514,1129,LIG09,REC09,Synthetic,Secreted Signaling,0.3622908890247345
simulation_data,sample1,474,1354,LIG09,REC09,Synthetic,Secreted Signaling,0.3616640865802765
simulation_data,sample1,289,1354,LIG09,REC09,Synthetic,Secreted Signaling,0.36163797974586487
simulation_data,sample1,434,1034,LIG10,REC10,Synthetic,Secreted Signaling,0.3606138527393341
simulation_data,sample1,407,1013,LIG09,REC09,Synthetic,Secreted Signaling,0.3565772473812103
simulation_data,sample1,215,1219,LIG04,REC04,Synthetic,Secreted Signaling,0.356528103351593
simulation_data,sample1,186,1234,LIG09,REC09,Synthetic,Secreted Signaling,0.35623833537101746
simulation_data,sample1,23,1234,LIG09,REC09,Synthetic,Secreted Signaling,0.35623082518577576
simulation_data,sample1,269,1234,LIG09,REC09,Synthetic,Secreted Signaling,0.3561634123325348
simulation_data,sample1,199,1219,LIG04,REC04,Synthetic,Secreted Signaling,0.3560195565223694
simulation_data,sample1,114,1013,LIG09,REC09,Synthetic,Secreted Signaling,0.3560081422328949
simulation_data,sample1,224,713,LIG05,REC05,Synthetic,Secreted Signaling,0.3547881841659546
simulation_data,sample1,533,1269,LIG02,REC02,Synthetic,Secreted Signaling,0.3530016243457794
simulation_data,sample1,434,848,LIG08,REC08,Synthetic,Secreted Signaling,0.3495137393474579
simulation_data,sample1,168,848,LIG08,REC08,Synthetic,Secreted Signaling,0.3494950234889984
simulation_data,sample1,363,848,LIG08,REC08,Synthetic,Secreted Signaling,0.34938105940818787
simulation_data,sample1,518,848,LIG08,REC08,Synthetic,Secreted Signaling,0.34897541999816895
simulation_data,sample1,80,848,LIG08,REC08,Synthetic,Secreted Signaling,0.34872615337371826
simulation_data,sample1,384,934,LIG04,REC04,Synthetic,Secreted Signaling,0.3465256094932556
simulation_data,sample1,434,1319,LIG05,REC05,Synthetic,Secreted Signaling,0.3454643785953522
simulation_data,sample1,518,1319,LIG05,REC05,Synthetic,Secreted Signaling,0.34526440501213074
simulation_data,sample1,225,1319,LIG05,REC05,Synthetic,Secreted Signaling,0.3450065851211548
simulation_data,sample1,39,1319,LIG05,REC05,Synthetic,Secreted Signaling,0.34491345286369324
simulation_data,sample1,80,1319,LIG05,REC05,Synthetic,Secreted Signaling,0.3448977768421173
simulation_data,sample1,363,1319,LIG05,REC05,Synthetic,Secreted Signaling,0.3447986841201782
simulation_data,sample1,587,1319,LIG05,REC05,Synthetic,Secreted Signaling,0.3446456789970398
simulation_data,sample1,434,1034,LIG09,REC09,Synthetic,Secreted Signaling,0.3439787030220032
simulation_data,sample1,372,668,LIG05,REC05,Synthetic,Secreted Signaling,0.3436092734336853
simulation_data,sample1,253,668,LIG05,REC05,Synthetic,Secreted Signaling,0.3435361385345459
simulation_data,sample1,222,668,LIG05,REC05,Synthetic,Secreted Signaling,0.34299448132514954
simulation_data,sample1,471,668,LIG05,REC05,Synthetic,Secreted Signaling,0.3423123359680176
simulation_data,sample1,433,668,LIG05,REC05,Synthetic,Secreted Signaling,0.3422906696796417
simulation_data,sample1,565,808,LIG10,REC10,Synthetic,Secreted Signaling,0.3399016857147217
simulation_data,sample1,215,808,LIG10,REC10,Synthetic,Secreted Signaling,0.33976826071739197
simulation_data,sample1,199,808,LIG10,REC10,Synthetic,Secreted Signaling,0.33969780802726746
simulation_data,sample1,163,1420,LIG10,REC10,Synthetic,Secreted Signaling,0.33497071266174316
simulation_data,sample1,149,1420,LIG10,REC10,Synthetic,Secreted Signaling,0.33440250158309937
simulation_data,sample1,239,800,LIG08,REC08,Synthetic,Secreted Signaling,0.3284147083759308
simulation_data,sample1,163,800,LIG08,REC08,Synthetic,Secreted Signaling,0.32820653915405273
simulation_data,sample1,291,705,LIG02,REC02,Synthetic,Secreted Signaling,0.3258037269115448
simulation_data,sample1,526,705,LIG02,REC02,Synthetic,Secreted Signaling,0.3243422210216522
simulation_data,sample1,384,768,LIG04,REC04,Synthetic,Secreted Signaling,0.3233119249343872
simulation_data,sample1,238,705,LIG02,REC02,Synthetic,Secreted Signaling,0.3230679929256439
simulation_data,sample1,255,646,LIG02,REC02,Synthetic,Secreted Signaling,0.3226044178009033
simulation_data,sample1,479,646,LIG02,REC02,Synthetic,Secreted Signaling,0.32223784923553467
simulation_data,sample1,468,1252,LIG09,REC09,Synthetic,Secreted Signaling,0.3218816816806793
simulation_data,sample1,386,1252,LIG09,REC09,Synthetic,Secreted Signaling,0.3217843770980835
simulation_data,sample1,514,1252,LIG09,REC09,Synthetic,Secreted Signaling,0.3216725289821625
simulation_data,sample1,163,1420,LIG09,REC09,Synthetic,Secreted Signaling,0.3193230926990509
simulation_data,sample1,132,1420,LIG09,REC09,Synthetic,Secreted Signaling,0.3191521465778351
simulation_data,sample1,186,1269,LIG02,REC02,Synthetic,Secreted Signaling,0.31912848353385925
simulation_data,sample1,32,663,LIG02,REC02,Synthetic,Secreted Signaling,0.31909826397895813
simulation_data,sample1,240,1269,LIG02,REC02,Synthetic,Secreted Signaling,0.3190266191959381
simulation_data,sample1,444,1269,LIG02,REC02,Synthetic,Secreted Signaling,0.31892129778862
simulation_data,sample1,396,1269,LIG02,REC02,Synthetic,Secreted Signaling,0.318657249212265
simulation_data,sample1,52,1269,LIG02,REC02,Synthetic,Secreted Signaling,0.3181743621826172
simulation_data,sample1,132,800,LIG09,REC09,Synthetic,Secreted Signaling,0.3178606927394867
simulation_data,sample1,163,800,LIG09,REC09,Synthetic,Secreted Signaling,0.31779369711875916
simulation_data,sample1,239,800,LIG09,REC09,Synthetic,Secreted Signaling,0.31775498390197754
simulation_data,sample1,555,800,LIG09,REC09,Synthetic,Secreted Signaling,0.31773725152015686
simulation_data,sample1,384,1348,LIG05,REC05,Synthetic,Secreted Signaling,0.31724703311920166
simulation_data,sample1,23,1269,LIG02,REC02,Synthetic,Secreted Signaling,0.3171533942222595
simulation_data,sample1,295,1269,LIG02,REC02,Synthetic,Secreted Signaling,0.31651273369789124
simulation_data,sample1,215,958,LIG09,REC09,Synthetic,Secreted Signaling,0.31635937094688416
simulation_data,sample1,433,1127,LIG06,REC06,Synthetic,Secreted Signaling,0.31595543026924133
simulation_data,sample1,289,1397,LIG09,REC09,Synthetic,Secreted Signaling,0.31590694189071655
simulation_data,sample1,295,630,LIG10,REC10,Synthetic,Secreted Signaling,0.3148098886013031
simulation_data,sample1,48,1409,LIG03,REC03,Synthetic,Secreted Signaling,0.3147090971469879
simulation_data,sample1,269,1202,LIG04,REC04,Synthetic,Secreted Signaling,0.3147064447402954
simulation_data,sample1,471,1078,LIG05,REC05,Synthetic,Secreted Signaling,0.3147059977054596
simulation_data,sample1,407,683,LIG04,REC04,Synthetic,Secreted Signaling,0.31460535526275635
simulation_data,sample1,164,1127,LIG06,REC06,Synthetic,Secreted Signaling,0.3142681121826172
simulation_data,sample1,471,1127,LIG06,REC06,Synthetic,Secreted Signaling,0.31390905380249023
simulation_data,sample1,597,1231,LIG09,REC09,Synthetic,Secreted Signaling,0.3137780427932739
simulation_data,sample1,433,1047,LIG10,REC10,Synthetic,Secreted Signaling,0.3134307265281677
simulation_data,sample1,565,958,LIG09,REC09,Synthetic,Secreted Signaling,0.3134121298789978
simulation_data,sample1,253,1047,LIG10,REC10,Synthetic,Secreted Signaling,0.31325021386146545
simulation_data,sample1,149,1231,LIG10,REC10,Synthetic,Secreted Signaling,0.3132491111755371
simulation_data,sample1,163,1231,LIG10,REC10,Synthetic,Secreted Signaling,0.31316548585891724
simulation_data,sample1,529,1231,LIG10,REC10,Synthetic,Secreted Signaling,0.3129013478755951
simulation_data,sample1,555,1231,LIG10,REC10,Synthetic,Secreted Signaling,0.3127652704715729
simulation_data,sample1,289,1047,LIG10,REC10,Synthetic,Secreted Signaling,0.3126947283744812
simulation_data,sample1,35,663,LIG02,REC02,Synthetic,Secreted Signaling,0.3117969036102295
simulation_data,sample1,199,768,LIG04,REC04,Synthetic,Secreted Signaling,0.30789607763290405
simulation_data,sample1,426,987,LIG04,REC04,Synthetic,Secreted Signaling,0.306630939245224
simulation_data,sample1,163,987,LIG04,REC04,Synthetic,Secreted Signaling,0.3064175248146057
simulation_data,sample1,149,987,LIG04,REC04,Synthetic,Secreted Signaling,0.3062485158443451
simulation_data,sample1,225,893,LIG02,REC02,Synthetic,Secreted Signaling,0.30621734261512756
simulation_data,sample1,110,893,LIG02,REC02,Synthetic,Secreted Signaling,0.3060206174850464
simulation_data,sample1,363,893,LIG02,REC02,Synthetic,Secreted Signaling,0.30577200651168823
simulation_data,sample1,346,893,LIG02,REC02,Synthetic,Secreted Signaling,0.30576595664024353
simulation_data,sample1,587,893,LIG02,REC02,Synthetic,Secreted Signaling,0.3056434094905853
simulation_data,sample1,39,893,LIG02,REC02,Synthetic,Secreted Signaling,0.30544981360435486
simulation_data,sample1,479,1315,LIG07,REC07,Synthetic,Secreted Signaling,0.30193406343460083
simulation_data,sample1,346,708,LIG09,REC09,Synthetic,Secreted Signaling,0.30151474475860596
simulation_data,sample1,363,708,LIG09,REC09,Synthetic,Secreted Signaling,0.3013762831687927
simulation_data,sample1,80,708,LIG09,REC09,Synthetic,Secreted Signaling,0.3013475239276886
simulation_data,sample1,110,708,LIG09,REC09,Synthetic,Secreted Signaling,0.3012006878852844
simulation_data,sample1,526,1413,LIG02,REC02,Synthetic,Secreted Signaling,0.3005884885787964
simulation_data,sample1,526,941,LIG09,REC09,Synthetic,Secreted Signaling,0.2967354953289032
simulation_data,sample1,597,1420,LIG10,REC10,Synthetic,Secreted Signaling,0.2964698076248169
simulation_data,sample1,445,1420,LIG10,REC10,Synthetic,Secreted Signaling,0.2961961030960083
simulation_data,sample1,220,670,LIG10,REC10,Synthetic,Secreted Signaling,0.2959623634815216
simulation_data,sample1,220,1420,LIG10,REC10,Synthetic,Secreted Signaling,0.2958790063858032
simulation_data,sample1,597,670,LIG10,REC10,Synthetic,Secreted Signaling,0.2958725392818451
simulation_data,sample1,445,670,LIG10,REC10,Synthetic,Secreted Signaling,0.2956086993217468
simulation_data,sample1,474,670,LIG10,REC10,Synthetic,Secreted Signaling,0.2953476309776306
simulation_data,sample1,164,1266,LIG06,REC06,Synthetic,Secreted Signaling,0.2936473488807678
simulation_data,sample1,69,649,LIG06,REC06,Synthetic,Secreted Signaling,0.29331478476524353
simulation_data,sample1,233,1471,LIG09,REC09,Synthetic,Secreted Signaling,0.29281461238861084
simulation_data,sample1,436,1471,LIG09,REC09,Synthetic,Secreted Signaling,0.2927139103412628
simulation_data,sample1,541,1471,LIG09,REC09,Synthetic,Secreted Signaling,0.2926662862300873
simulation_data,sample1,201,1471,LIG09,REC09,Synthetic,Secreted Signaling,0.2926504611968994
simulation_data,sample1,433,1266,LIG06,REC06,Synthetic,Secreted Signaling,0.292574942111969
simulation_data,sample1,274,649,LIG06,REC06,Synthetic,Secreted Signaling,0.2924530804157257
simulation_data,sample1,220,987,LIG04,REC04,Synthetic,Secreted Signaling,0.2909979224205017
simulation_data,sample1,551,1221,LIG10,REC10,Synthetic,Secreted Signaling,0.29084086418151855
simulation_data,sample1,255,649,LIG06,REC06,Synthetic,Secreted Signaling,0.2908265292644501
simulation_data,sample1,181,1221,LIG10,REC10,Synthetic,Secreted Signaling,0.2907748818397522
simulation_data,sample1,136,649,LIG06,REC06,Synthetic,Secreted Signaling,0.29065850377082825
simulation_data,sample1,436,649,LIG06,REC06,Synthetic,Secreted Signaling,0.2903585433959961
simulation_data,sample1,181,1221,LIG08,REC08,Synthetic,Secreted Signaling,0.28734222054481506
simulation_data,sample1,551,1221,LIG08,REC08,Synthetic,Secreted Signaling,0.2858272194862366
simulation_data,sample1,69,1343,LIG06,REC06,Synthetic,Secreted Signaling,0.2845020294189453
simulation_data,sample1,445,653,LIG10,REC10,Synthetic,Secreted Signaling,0.27981773018836975
simulation_data,sample1,474,653,LIG10,REC10,Synthetic,Secreted Signaling,0.2794261872768402
simulation_data,sample1,220,653,LIG10,REC10,Synthetic,Secreted Signaling,0.2793734669685364
simulation_data,sample1,597,653,LIG10,REC10,Synthetic,Secreted Signaling,0.2793613374233246
simulation_data,sample1,99,653,LIG10,REC10,Synthetic,Secreted Signaling,0.2791410982608795
simulation_data,sample1,480,921,LIG02,REC02,Synthetic,Secreted Signaling,0.2782250940799713
simulation_data,sample1,99,921,LIG02,REC02,Synthetic,Secreted Signaling,0.2777964770793915
simulation_data,sample1,597,921,LIG02,REC02,Synthetic,Secreted Signaling,0.2776373326778412
simulation_data,sample1,474,921,LIG02,REC02,Synthetic,Secreted Signaling,0.2775408923625946
simulation_data,sample1,11,921,LIG02,REC02,Synthetic,Secreted Signaling,0.27709975838661194
simulation_data,sample1,434,1191,LIG08,REC08,Synthetic,Secreted Signaling,0.2769099473953247
simulation_data,sample1,445,921,LIG02,REC02,Synthetic,Secreted Signaling,0.2769043743610382
simulation_data,sample1,32,692,LIG06,REC06,Synthetic,Secreted Signaling,0.265491247177124
simulation_data,sample1,197,692,LIG06,REC06,Synthetic,Secreted Signaling,0.263324111700058
simulation_data,sample1,433,661,LIG09,REC09,Synthetic,Secreted Signaling,0.2594788372516632
simulation_data,sample1,222,661,LIG09,REC09,Synthetic,Secreted Signaling,0.2564225494861603
simulation_data,sample1,132,1096,LIG09,REC09,Synthetic,Secreted Signaling,0.25629425048828125
simulation_data,sample1,239,1096,LIG09,REC09,Synthetic,Secreted Signaling,0.2561463713645935
simulation_data,sample1,163,1096,LIG09,REC09,Synthetic,Secreted Signaling,0.2559790313243866
simulation_data,sample1,555,1096,LIG09,REC09,Synthetic,Secreted Signaling,0.2558865249156952
simulation_data,sample1,253,661,LIG09,REC09,Synthetic,Secreted Signaling,0.25481781363487244
simulation_data,sample1,295,676,LIG10,REC10,Synthetic,Secreted Signaling,0.2547153830528259
simulation_data,sample1,52,676,LIG10,REC10,Synthetic,Secreted Signaling,0.25455161929130554
simulation_data,sample1,396,676,LIG10,REC10,Synthetic,Secreted Signaling,0.25440865755081177
simulation_data,sample1,445,821,LIG02,REC02,Synthetic,Secreted Signaling,0.2543131411075592
simulation_data,sample1,11,821,LIG02,REC02,Synthetic,Secreted Signaling,0.25423508882522583
simulation_data,sample1,292,1049,LIG09,REC09,Synthetic,Secreted Signaling,0.2528686225414276
simulation_data,sample1,587,1216,LIG02,REC02,Synthetic,Secreted Signaling,0.25060606002807617
simulation_data,sample1,225,1216,LIG02,REC02,Synthetic,Secreted Signaling,0.25048303604125977
simulation_data,sample1,434,1216,LIG02,REC02,Synthetic,Secreted Signaling,0.2504565119743347
simulation_data,sample1,131,1252,LIG08,REC08,Synthetic,Secreted Signaling,0.24805955588817596
simulation_data,sample1,181,1252,LIG08,REC08,Synthetic,Secreted Signaling,0.24797457456588745
simulation_data,sample1,386,1252,LIG08,REC08,Synthetic,Secreted Signaling,0.24758553504943848
simulation_data,sample1,551,1252,LIG08,REC08,Synthetic,Secreted Signaling,0.24752523005008698
simulation_data,sample1,597,1231,LIG08,REC08,Synthetic,Secreted Signaling,0.24283328652381897
simulation_data,sample1,11,1231,LIG08,REC08,Synthetic,Secreted Signaling,0.24161960184574127
simulation_data,sample1,529,1231,LIG08,REC08,Synthetic,Secreted Signaling,0.24041765928268433
simulation_data,sample1,269,873,LIG09,REC09,Synthetic,Secreted Signaling,0.24000315368175507
simulation_data,sample1,407,873,LIG09,REC09,Synthetic,Secreted Signaling,0.23952467739582062
simulation_data,sample1,426,1231,LIG08,REC08,Synthetic,Secreted Signaling,0.239119753241539
simulation_data,sample1,163,1231,LIG08,REC08,Synthetic,Secreted Signaling,0.23821891844272614
simulation_data,sample1,315,1344,LIG10,REC10,Synthetic,Secreted Signaling,0.23755407333374023
simulation_data,sample1,181,1344,LIG10,REC10,Synthetic,Secreted Signaling,0.2374723255634308
simulation_data,sample1,292,705,LIG02,REC02,Synthetic,Secreted Signaling,0.23581437766551971
simulation_data,sample1,269,659,LIG09,REC09,Synthetic,Secreted Signaling,0.23363922536373138
simulation_data,sample1,181,1344,LIG08,REC08,Synthetic,Secreted Signaling,0.23315589129924774
simulation_data,sample1,186,659,LIG09,REC09,Synthetic,Secreted Signaling,0.23210982978343964
simulation_data,sample1,210,659,LIG09,REC09,Synthetic,Secreted Signaling,0.23195800185203552
simulation_data,sample1,239,1344,LIG08,REC08,Synthetic,Secreted Signaling,0.23184062540531158
simulation_data,sample1,23,1208,LIG09,REC09,Synthetic,Secreted Signaling,0.2316439002752304
simulation_data,sample1,407,659,LIG09,REC09,Synthetic,Secreted Signaling,0.23145927488803864
simulation_data,sample1,149,953,LIG10,REC10,Synthetic,Secreted Signaling,0.23057295382022858
simulation_data,sample1,163,953,LIG10,REC10,Synthetic,Secreted Signaling,0.23056258261203766
simulation_data,sample1,555,953,LIG10,REC10,Synthetic,Secreted Signaling,0.23044241964817047
simulation_data,sample1,529,953,LIG10,REC10,Synthetic,Secreted Signaling,0.2300688922405243
simulation_data,sample1,315,953,LIG10,REC10,Synthetic,Secreted Signaling,0.23004665970802307
simulation_data,sample1,498,1129,LIG09,REC09,Synthetic,Secreted Signaling,0.2286204844713211
simulation_data,sample1,412,1206,LIG09,REC09,Synthetic,Secreted Signaling,0.22802025079727173
simulation_data,sample1,35,956,LIG10,REC10,Synthetic,Secreted Signaling,0.22685503959655762
simulation_data,sample1,277,1206,LIG09,REC09,Synthetic,Secreted Signaling,0.22677873075008392
simulation_data,sample1,220,953,LIG10,REC10,Synthetic,Secreted Signaling,0.22505798935890198
simulation_data,sample1,444,1257,LIG10,REC10,Synthetic,Secreted Signaling,0.22425659000873566
simulation_data,sample1,434,1216,LIG08,REC08,Synthetic,Secreted Signaling,0.22232085466384888
simulation_data,sample1,518,1216,LIG08,REC08,Synthetic,Secreted Signaling,0.22214198112487793
simulation_data,sample1,39,1370,LIG10,REC10,Synthetic,Secreted Signaling,0.22069023549556732
simulation_data,sample1,80,1370,LIG10,REC10,Synthetic,Secreted Signaling,0.2205752730369568
simulation_data,sample1,32,685,LIG06,REC06,Synthetic,Secreted Signaling,0.21967901289463043
simulation_data,sample1,498,685,LIG06,REC06,Synthetic,Secreted Signaling,0.21902301907539368
simulation_data,sample1,95,685,LIG06,REC06,Synthetic,Secreted Signaling,0.21881867945194244
simulation_data,sample1,479,752,LIG09,REC09,Synthetic,Secreted Signaling,0.2185371220111847
simulation_data,sample1,41,752,LIG09,REC09,Synthetic,Secreted Signaling,0.21817779541015625
simulation_data,sample1,309,752,LIG09,REC09,Synthetic,Secreted Signaling,0.2181260585784912
simulation_data,sample1,69,690,LIG09,REC09,Synthetic,Secreted Signaling,0.21812482178211212
simulation_data,sample1,249,690,LIG09,REC09,Synthetic,Secreted Signaling,0.21738876402378082
simulation_data,sample1,282,690,LIG09,REC09,Synthetic,Secreted Signaling,0.21652884781360626
simulation_data,sample1,219,690,LIG09,REC09,Synthetic,Secreted Signaling,0.21651016175746918
simulation_data,sample1,35,1311,LIG05,REC05,Synthetic,Secreted Signaling,0.2143237143754959
simulation_data,sample1,32,1311,LIG05,REC05,Synthetic,Secreted Signaling,0.21390856802463531
simulation_data,sample1,39,1302,LIG10,REC10,Synthetic,Secreted Signaling,0.21276138722896576
simulation_data,sample1,164,1377,LIG08,REC08,Synthetic,Secreted Signaling,0.20898428559303284
simulation_data,sample1,222,1377,LIG08,REC08,Synthetic,Secreted Signaling,0.20892976224422455
simulation_data,sample1,471,1377,LIG08,REC08,Synthetic,Secreted Signaling,0.2088123857975006
simulation_data,sample1,433,1377,LIG08,REC08,Synthetic,Secreted Signaling,0.20847535133361816
simulation_data,sample1,426,653,LIG08,REC08,Synthetic,Secreted Signaling,0.20386020839214325
simulation_data,sample1,480,653,LIG08,REC08,Synthetic,Secreted Signaling,0.20130592584609985
simulation_data,sample1,99,653,LIG08,REC08,Synthetic,Secreted Signaling,0.20105455815792084
simulation_data,sample1,597,653,LIG08,REC08,Synthetic,Secreted Signaling,0.20054815709590912
simulation_data,sample1,11,653,LIG08,REC08,Synthetic,Secreted Signaling,0.20011740922927856
simulation_data,sample1,149,653,LIG10,REC10,Synthetic,Secreted Signaling,0.1985950767993927
simulation_data,sample1,220,1231,LIG10,REC10,Synthetic,Secreted Signaling,0.19514448940753937
simulation_data,sample1,445,1231,LIG10,REC10,Synthetic,Secreted Signaling,0.19445180892944336
simulation_data,sample1,597,1231,LIG10,REC10,Synthetic,Secreted Signaling,0.19443847239017487
simulation_data,sample1,474,1354,LIG10,REC10,Synthetic,Secreted Signaling,0.19274339079856873
simulation_data,sample1,289,1354,LIG10,REC10,Synthetic,Secreted Signaling,0.19254790246486664
simulation_data,sample1,204,762,LIG10,REC10,Synthetic,Secreted Signaling,0.1911981850862503
simulation_data,sample1,305,762,LIG10,REC10,Synthetic,Secreted Signaling,0.19108594954013824
simulation_data,sample1,407,762,LIG10,REC10,Synthetic,Secreted Signaling,0.19011640548706055
simulation_data,sample1,35,1312,LIG09,REC09,Synthetic,Secreted Signaling,0.18471601605415344
simulation_data,sample1,23,640,LIG09,REC09,Synthetic,Secreted Signaling,0.17906104028224945
simulation_data,sample1,52,640,LIG09,REC09,Synthetic,Secreted Signaling,0.17883585393428802
simulation_data,sample1,289,1203,LIG10,REC10,Synthetic,Secreted Signaling,0.1771947294473648
simulation_data,sample1,179,752,LIG10,REC10,Synthetic,Secreted Signaling,0.1739329993724823
simulation_data,sample1,296,752,LIG10,REC10,Synthetic,Secreted Signaling,0.1733180433511734
simulation_data,sample1,479,752,LIG10,REC10,Synthetic,Secreted Signaling,0.17308397591114044
simulation_data,sample1,274,777,LIG10,REC10,Synthetic,Secreted Signaling,0.16531489789485931
simulation_data,sample1,407,873,LIG10,REC10,Synthetic,Secreted Signaling,0.16466061770915985
simulation_data,sample1,52,640,LIG10,REC10,Synthetic,Secreted Signaling,0.16390909254550934
simulation_data,sample1,295,640,LIG10,REC10,Synthetic,Secreted Signaling,0.16350097954273224
simulation_data,sample1,269,642,LIG09,REC09,Synthetic,Secreted Signaling,0.14336538314819336
simulation_data,sample1,407,642,LIG09,REC09,Synthetic,Secreted Signaling,0.1422082781791687
simulation_data,sample1,114,642,LIG09,REC09,Synthetic,Secreted Signaling,0.14195948839187622
simulation_data,sample1,210,642,LIG09,REC09,Synthetic,Secreted Signaling,0.14175733923912048
simulation_data,sample1,563,864,LIG08,REC08,Synthetic,Secreted Signaling,0.1401837170124054
simulation_data,sample1,32,1072,LIG10,REC10,Synthetic,Secreted Signaling,0.1364188939332962
simulation_data,sample1,35,1072,LIG10,REC10,Synthetic,Secreted Signaling,0.13624441623687744
simulation_data,sample1,526,1072,LIG10,REC10,Synthetic,Secreted Signaling,0.1357460618019104
simulation_data,sample1,526,636,LIG02,REC02,Synthetic,Secreted Signaling,0.1278979480266571
simulation_data,sample1,238,636,LIG02,REC02,Synthetic,Secreted Signaling,0.12670934200286865
simulation_data,sample1,433,650,LIG10,REC10,Synthetic,Secreted Signaling,0.12640731036663055
simulation_data,sample1,23,1208,LIG08,REC08,Synthetic,Secreted Signaling,0.12440955638885498
simulation_data,sample1,284,747,LIG08,REC08,Synthetic,Secreted Signaling,0.11859418451786041
simulation_data,sample1,563,747,LIG08,REC08,Synthetic,Secreted Signaling,0.11719878762960434
simulation_data,sample1,199,1348,LIG10,REC10,Synthetic,Secreted Signaling,0.11718688160181046
simulation_data,sample1,526,747,LIG10,REC10,Synthetic,Secreted Signaling,0.11599450558423996
simulation_data,sample1,467,747,LIG10,REC10,Synthetic,Secreted Signaling,0.1155744269490242
simulation_data,sample1,289,608,LIG09,REC09,Synthetic,Secreted Signaling,0.10787110775709152
simulation_data,sample1,224,1306,LIG08,REC08,Synthetic,Secreted Signaling,0.1077311560511589
simulation_data,sample1,274,1406,LIG10,REC10,Synthetic,Secreted Signaling,0.10763246566057205
simulation_data,sample1,233,1306,LIG08,REC08,Synthetic,Secreted Signaling,0.10760294646024704
simulation_data,sample1,289,961,LIG10,REC10,Synthetic,Secreted Signaling,0.10746584832668304
simulation_data,sample1,292,1213,LIG08,REC08,Synthetic,Secreted Signaling,0.10745144635438919
simulation_data,sample1,292,1172,LIG08,REC08,Synthetic,Secreted Signaling,0.10745063424110413
simulation_data,sample1,384,1170,LIG08,REC08,Synthetic,Secreted Signaling,0.10744969546794891
simulation_data,sample1,32,1382,LIG07,REC07,Synthetic,Secreted Signaling,0.1074383407831192
simulation_data,sample1,69,1406,LIG10,REC10,Synthetic,Secreted Signaling,0.10727876424789429
simulation_data,sample1,149,879,LIG10,REC10,Synthetic,Secreted Signaling,0.10720521956682205
simulation_data,sample1,201,1306,LIG08,REC08,Synthetic,Secreted Signaling,0.10701388120651245
simulation_data,sample1,163,803,LIG10,REC10,Synthetic,Secreted Signaling,0.10540162026882172
simulation_data,sample1,555,803,LIG10,REC10,Synthetic,Secreted Signaling,0.10525868088006973
simulation_data,sample1,386,803,LIG10,REC10,Synthetic,Secreted Signaling,0.10522300004959106
simulation_data,sample1,315,803,LIG10,REC10,Synthetic,Secreted Signaling,0.10520748794078827
simulation_data,sample1,551,803,LIG10,REC10,Synthetic,Secreted Signaling,0.10520551353693008
simulation_data,sample1,181,803,LIG10,REC10,Synthetic,Secreted Signaling,0.10518218576908112
simulation_data,sample1,199,1291,LIG02,REC02,Synthetic,Secreted Signaling,0.10083753615617752
simulation_data,sample1,467,1006,LIG10,REC10,Synthetic,Secreted Signaling,0.09284902364015579
simulation_data,sample1,304,1006,LIG10,REC10,Synthetic,Secreted Signaling,0.09275293350219727
simulation_data,sample1,526,1006,LIG10,REC10,Synthetic,Secreted Signaling,0.09273285418748856
simulation_data,sample1,433,714,LIG09,REC09,Synthetic,Secreted Signaling,0.09007053077220917
simulation_data,sample1,289,714,LIG09,REC09,Synthetic,Secreted Signaling,0.08885078132152557
simulation_data,sample1,222,714,LIG09,REC09,Synthetic,Secreted Signaling,0.08824101090431213
simulation_data,sample1,95,1015,LIG08,REC08,Synthetic,Secreted Signaling,0.0835820734500885
simulation_data,sample1,447,1015,LIG08,REC08,Synthetic,Secreted Signaling,0.08303891122341156
simulation_data,sample1,35,1015,LIG08,REC08,Synthetic,Secreted Signaling,0.08226849138736725
simulation_data,sample1,32,1015,LIG08,REC08,Synthetic,Secreted Signaling,0.08184289932250977
simulation_data,sample1,35,1153,LIG10,REC10,Synthetic,Secreted Signaling,0.041166722774505615
simulation_data,sample1,467,1153,LIG10,REC10,Synthetic,Secreted Signaling,0.03956399857997894
simulation_data,sample1,526,1153,LIG10,REC10,Synthetic,Secreted Signaling,0.039528992027044296
simulation_data,sample1,434,1112,LIG08,REC08,Synthetic,Secreted Signaling,0.03844844177365303
simulation_data,sample1,407,1107,LIG10,REC10,Synthetic,Secreted Signaling,0.017992494627833366
simulation_data,sample1,384,1183,LIG08,REC08,Synthetic,Secreted Signaling,0.0
